rank,uri,artist_names,track_name,source,peak_rank,previous_rank,weeks_on_chart,streams
1,"spotify:track:0bYg9bo50gSsH3LtXe2SQn","Mariah Carey","All I Want for Christmas Is You","Columbia",1,1,55,"47232471"
2,"spotify:track:06qMRF18gwbOYYbnP2du6i","Wham!","Last Christmas - Single Version","Sony Music CG",2,2,48,"43334690"
3,"spotify:track:2EjXfH91m7f8HiJN1yQg97","Brenda Lee","Rockin' Around The Christmas Tree","MCA Nashville",3,3,42,"37617587"
4,"spotify:track:3rUGC1vUpkDG9CZFHMur1t","Tate McRae","greedy","RCA Records Label",1,4,13,"37397951"
5,"spotify:track:6TkXViJUO3SA6FMcrNwlD9","Bobby Helms","Jingle Bell Rock","Universal Digital Enterprises",4,5,41,"30951467"
6,"spotify:track:3vkCueOmm7xQDoJ17W1Pm3","Mitski","My Love Mine All Mine","Dead Oceans",3,7,12,"29657368"
7,"spotify:track:0lizgQ7Qw35od7CYaoMBZb","Ariana Grande","Santa Tell Me","Universal Records",3,8,42,"29109961"
8,"spotify:track:4xhsWYTOGcal8zt0J161CU","Jack Harlow","Lovin On Me","Generation Now/Atlantic",5,9,5,"28345259"
9,"spotify:track:1rv46mRwDqMEhOBZ7vODg3","Michael Bublé","It's Beginning to Look a Lot like Christmas","Reprise",6,10,40,"27973507"
10,"spotify:track:1BxfuPKGuaTgP7aM0Bbdwr","Taylor Swift","Cruel Summer","Taylor Swift",2,6,45,"27404682"
11,"spotify:track:1IcR6RlgvDczfvoWJSSY2A","Andy Williams","It's the Most Wonderful Time of the Year","Columbia/Legacy",7,11,39,"26424402"
12,"spotify:track:7uoFMmxln0GPXQ0AcCBXRq","Sia","Snowman","Monkey Puzzle/Atlantic",12,15,30,"25225002"
13,"spotify:track:2uFaJJtFpPDc5Pa95XzTvg","Dean Martin","Let It Snow! Let It Snow! Let It Snow!","Capitol Records",10,12,29,"24828260"
14,"spotify:track:2HRgqmZQC0MC7GeNuDIXHN","Jung Kook, Latto","Seven (feat. Latto) (Explicit Ver.)","BIGHIT MUSIC",1,13,22,"23544761"
15,"spotify:track:7CyPwkp0oE8Ro9Dd5CUDjW","The Weeknd, JENNIE, Lily-Rose Depp","One Of The Girls (with JENNIE, Lily Rose Depp)","XO / Republic Records",15,28,10,"23528938"
16,"spotify:track:3nAp4IvdMPPWEH9uuXFFV5","Kelly Clarkson","Underneath the Tree","RCA Records Label",9,20,31,"22945541"
17,"spotify:track:7iQXYTyuG13aoeHxGG28Nh","Bad Bunny, Feid","PERRO NEGRO","Rimas Entertainment LLC",4,19,9,"22704858"
18,"spotify:track:56y1jOTK0XSvJzVv9vHQBK","Doja Cat","Paint The Town Red","Kemosabe Records/RCA Records",1,17,19,"22282723"
19,"spotify:track:5RqSsdzTNPX1uzkmlHCFvK","KAROL G, Peso Pluma","QLONA","Bichota/Interscope Records",5,21,18,"22096131"
20,"spotify:track:2HafqoJbgXdtjwCOvNEF14","iñigo quintero","Si No Estás","Acqustic",1,16,12,"21877091"
21,"spotify:track:6tjituizSxwSmBB5vtgHZE","Michael Bublé","Holly Jolly Christmas","Reprise",12,22,34,"21847979"
22,"spotify:track:2KslE17cAJNHTsI2MI0jb2","Jung Kook","Standing Next to You","BIGHIT MUSIC",1,18,6,"21169107"
23,"spotify:track:3qCeq0rWK67SoBDgFd2sId","José Feliciano","Feliz Navidad","RCA Records Label",8,25,32,"20852799"
24,"spotify:track:5mjYQaktjmjcMKcUIcqz4s","Kenya Grace","Strangers","Warner Records/Major Recordings",4,23,15,"20326540"
25,"spotify:track:6CvTEtGagmzQvkUzzyKR9k","Fuerza Regida, Marshmello","HARLEY QUINN","Rancho Humilde/Street Mob Records",11,26,7,"19992605"
26,"spotify:track:5XeFesFbtLpXzIVDNQP22n","Arctic Monkeys","I Wanna Be Yours","Domino Recording Co",15,24,75,"19875960"
27,"spotify:track:6uIIdjYTxxpWOyWuVXrKQO","Calle 24, Chino Pacas, Fuerza Regida","Que Onda","Street Mob Records",16,27,15,"19587062"
28,"spotify:track:7fUYUcWy853HS8YJn0b3Sr","The Ronettes","Sleigh Ride","Legacy Recordings",16,34,29,"19483130"
29,"spotify:track:5aIVCx5tnk0ntmdiinnYvw","Tyla","Water","FAX Records/Epic",12,29,12,"19365172"
30,"spotify:track:7xapw9Oy21WpfEcib2ErSA","Justin Bieber","Mistletoe","RBMG/Def Jam",15,32,37,"18622293"
31,"spotify:track:5PyDJG7SQRgWXefgexqIge","Doja Cat","Agora Hills","Kemosabe Records/RCA Records",16,33,12,"18391353"
32,"spotify:track:1kuGVB7EU95pJObxwvfwKS","Olivia Rodrigo","vampire","Olivia Rodrigo PS",1,37,24,"17624679"
33,"spotify:track:7MXVkk9YMctZqd1Srtv4MB","The Weeknd, Daft Punk","Starboy","Universal Republic Records",1,38,167,"17606047"
34,"spotify:track:4bw8mcDUSRWfQo63ZTYRnU","Maluma, Carin Leon","Según Quién","Sony Music Latin",17,36,13,"17576990"
35,"spotify:track:0mflMxspEfB0VbI1kyLiAv","Noah Kahan","Stick Season","Mercury Records/Republic Records",31,35,10,"17497122"
36,"spotify:track:1Qrg8KqiBpW07V7PNxwwwL","SZA","Kill Bill","Top Dawg Entertainment/RCA Records",1,30,53,"17303663"
37,"spotify:track:4MjDJD8cW7iVeWInc2Bdyj","Bad Bunny","MONACO","Rimas Entertainment LLC",1,31,9,"17057403"
38,"spotify:track:1odExI7RdWc4BT515LTAwj","David Kushner","Daylight","Miserable Music Group, LLC",5,39,35,"16268187"
39,"spotify:track:7ABLbnD53cQK00mhcaOUVG","Myke Towers","LALA","WEA Latina",1,42,24,"15984526"
40,"spotify:track:3CWq0pAKKTWb0K4yiglDc4","Taylor Swift","You’re Losing Me (From The Vault)","Taylor Swift",14,14,3,"15815622"
41,"spotify:track:1udwFobQ1JoOdWPQrp2b6u","JID, 21 Savage, Baby Tate","Surround Sound (feat. 21 Savage & Baby Tate)","Dreamville/Interscope",41,65,4,"15683255"
42,"spotify:track:27RYrbL6S02LNVhDWVl38b","John Lennon, Yoko Ono","Happy Xmas (War Is Over) - Remastered 2010","EMI Catalogue",13,52,32,"15571064"
43,"spotify:track:01qFKNWq73UfEslI0GvumE","Jung Kook, Jack Harlow","3D (feat. Jack Harlow)","BIGHIT MUSIC",3,48,11,"15287871"
44,"spotify:track:4Dvkj6JhhA12EX05fT7y2e","Harry Styles","As It Was","Columbia",1,40,89,"15171610"
45,"spotify:track:3hRV0jL3vUpRrcy398teAU","Lord Huron","The Night We Met","Play It Again Sam",36,46,60,"15088653"
46,"spotify:track:4E63weMCaNZuGPEFMnuEi8","Tate McRae","exes","RCA Records Label",26,79,4,"15040765"
47,"spotify:track:4kKdvXD0ez7jp1296JmAts","Frank Sinatra, B. Swanson Quartet","Let It Snow! Let It Snow! Let It Snow! (with The B. Swanson Quartet)","Columbia/Legacy",19,61,34,"15021481"
48,"spotify:track:4PS1e8f2LvuTFgUs1Cn3ON","Nat King Cole","The Christmas Song (Merry Christmas To You)","CAPITOL CATALOG MKT (C92)",25,66,31,"14764675"
49,"spotify:track:7yDHHVKLbvDmVw1XXhDDIO","Vishal Mishra, Raj Shekhar","Pehle Bhi Main","T-Series",49,-1,1,"14697573"
50,"spotify:track:4ApCig0GTR4IEp7Ijsyo3r","Manan Bhardwaj, Bhupinder Babbal","Arjan Vailly","T-Series",50,50,2,"14670538"
51,"spotify:track:1Iq8oo9XkmmvCQiGOfORiz","Taylor Swift","Is It Over Now? (Taylor's Version) (From The Vault)","Taylor Swift",1,41,7,"14650009"
52,"spotify:track:4OMJGnvZfDvsePyCwRGO7X","Dua Lipa","Houdini","Warner Records",6,44,5,"14564301"
53,"spotify:track:4iZ4pt7kvcaH6Yo8UoZ4s2","SZA","Snooze","Top Dawg Entertainment/RCA Records",32,59,51,"14551898"
54,"spotify:track:7mXuWTczZNxG5EDcjFEuJR","Peso Pluma, Gabito Ballesteros, Junior H","LADY GAGA","Double P Records",9,49,25,"14461909"
55,"spotify:track:2LBqCSwhJGcFQeTHMVGwy3","The Weeknd","Die For You","Universal Republic Records",12,53,96,"14347574"
56,"spotify:track:2TE4xW3ImvpltVU0cPcKUn","Shakin' Stevens","Merry Christmas Everyone","Sony Music CG",32,43,31,"14183594"
57,"spotify:track:7DSAEUvxU8FajXtRloy8M0","Miley Cyrus","Flowers","Columbia",1,47,48,"14053879"
58,"spotify:track:77khP2fIVhSW23NwxrRluh","Burl Ives","A Holly Jolly Christmas","Geffen",26,60,30,"14022331"
59,"spotify:track:6XbtvPmIpyCbjuT0e8cQtp","Quevedo","Columbia","Quevedo",7,58,23,"13990224"
60,"spotify:track:7bywjHOc0wSjGGbj04XbVi","Feid, ATL Jacob","LUNA","UMLE - Latino",60,-1,1,"13985477"
61,"spotify:track:2QjOHCTQ1Jl3zawyYOpxh6","The Neighbourhood","Sweater Weather","Columbia",19,51,172,"13972090"
62,"spotify:track:5XVdHRf4CAJ2Jm0uMIy5qY","Xavi","La Víctima","Interscope Records",62,93,3,"13890034"
63,"spotify:track:1SV1fxF65n9NhRHp3KlBuu","Paul McCartney","Wonderful Christmastime - Edited Version / Remastered 2011","Paul McCartney Catalog",15,70,33,"13811086"
64,"spotify:track:4rXLjWdF2ZZpXCVTfWcshS","Gunna","fukumean","300 Entertainment",9,55,26,"13809973"
65,"spotify:track:6wf7Yu7cxBSPrRlWeSeK0Q","Billie Eilish","What Was I Made For? [From The Motion Picture ""Barbie""]","Darkroom/Interscope Records",3,57,22,"13730729"
66,"spotify:track:6WzRpISELf3YglGAh7TXcG","The Weeknd, Playboi Carti, Madonna","Popular (with Playboi Carti & Madonna) - From The Idol Vol. 1 (Music from the HBO Original Series)","XO / Republic Records",16,120,28,"13487671"
67,"spotify:track:17cia5k4BpGVlyEfqrFH50","Olivia Rodrigo","Can’t Catch Me Now - from The Hunger Games: The Ballad of Songbirds & Snakes","Lions Gate Entertainment Inc. under exclusive license to Geffen Records",35,54,6,"13443343"
68,"spotify:track:59NraMJsLaMCVtwXTSia8i","cassö, RAYE, D-Block Europe","Prada","Ministry of Sound Recordings",17,64,17,"13336148"
69,"spotify:track:0R6NfOiLzLj4O5VbYSJAjf","Xavi","La Diabla","Interscope Records",69,-1,1,"13283743"
70,"spotify:track:27qAMKrDdKEs8HDXcvR24R","Chris Rea","Driving Home for Christmas - 2019 Remaster","Rhino",21,68,30,"13132212"
71,"spotify:track:7jtQIBanIiJOMS6RyCx6jZ","Tom Odell","Another Love","ITNO/Columbia",15,63,140,"13082644"
72,"spotify:track:2N0SPREDYqILVEFSsWF5N5","V","Love Me Again","BIGHIT MUSIC",11,72,18,"13040648"
73,"spotify:track:0O3U5iwTbiXCREMkvotJuN","Grupo Frontera, Grupo Firme","EL AMOR DE SU VIDA","Grupo Frontera",49,74,19,"13030921"
74,"spotify:track:3yHyiUDJdz02FZ6jfUbsmY","Arijit Singh, Shreyas Puranik, Siddharth - Garima","Satranga (From ""ANIMAL"")","T-Series",74,119,2,"12986948"
75,"spotify:track:0VjIjW4GlUZAMYd2vXMi3b","The Weeknd","Blinding Lights","Republic Records",1,78,211,"12807108"
76,"spotify:track:2YSzYUF3jWqb9YP9VXmpjE","Drake, Yeat","IDGAF (feat. Yeat)","OVO/Republic",5,67,10,"12686709"
77,"spotify:track:4KULAymBBJcPRpk1yO4dOG","Zach Bryan, Kacey Musgraves","I Remember Everything (feat. Kacey Musgraves)","Warner Records",20,62,16,"12651653"
78,"spotify:track:2pXpURmn6zC5ZYDMms6fwa","Perry Como, The Fontane Sisters, Mitchell Ayres & His Orchestra","It's Beginning to Look a Lot Like Christmas (with Mitchell Ayres & His Orchestra)","RCA Records Label",51,82,28,"12569313"
79,"spotify:track:2dHHgzDwk4BJdRwy9uXhTO","Metro Boomin, The Weeknd, 21 Savage","Creepin' (with The Weeknd & 21 Savage)","Republic Records",2,71,54,"12537079"
80,"spotify:track:4so0Wek9Ig1p6CRCHuINwW","Bing Crosby","White Christmas","Geffen",26,81,32,"12355824"
81,"spotify:track:4I4G0LD277PWvfblYtSf91","Nicki Minaj, Drake","Needle (feat. Drake)","Republic Records",81,-1,1,"12291215"
82,"spotify:track:0V3wPSX9ygBnCm8psDIegu","Taylor Swift","Anti-Hero","Taylor Swift",1,56,60,"12281439"
83,"spotify:track:1vYXt7VSjH9JIM5oRRo7vA","Dua Lipa","Dance The Night - From Barbie The Album","Atlantic Records",5,69,29,"12211432"
84,"spotify:track:1dGr1c8CrMLDpV6mPbImSI","Taylor Swift","Lover","Taylor Swift",2,76,45,"12098449"
85,"spotify:track:7lQ8MOhq6IN2w8EYcFNSUk","Eminem","Without Me","Aftermath",31,73,116,"12017454"
86,"spotify:track:3bH2Eu9A9ymI4UnGHRmoXg","Ed Sheeran, Elton John","Merry Christmas","Atlantic Records UK",23,98,10,"11984264"
87,"spotify:track:4Yg2w0P29BBBMixyeNjDtj","Band Aid","Do They Know It's Christmas? - 1984 Version","EMI",12,86,33,"11854617"
88,"spotify:track:4xqrdfXkTW4T0RauPLv3WA","Conan Gray","Heather","Republic Records",12,45,140,"11782410"
89,"spotify:track:7FIWs0pqAYbP91WWM0vlTQ","Eminem, Juice WRLD","Godzilla (feat. Juice WRLD)","Shady/Aftermath/Interscope Records",4,95,81,"11774008"
90,"spotify:track:51hyZpbJlIgZIaX3TtMxmu","Tate McRae","run for the hills","RCA Records Label",90,-1,1,"11728242"
91,"spotify:track:47ohYW8e7dxCYn9qbUMBCI","Darlene Love","Christmas (Baby Please Come Home)","Legacy Recordings",42,97,18,"11720019"
92,"spotify:track:3AJwUDP919kvQ9QcozQPxg","Coldplay","Yellow","Parlophone UK",50,83,156,"11695332"
93,"spotify:track:7KA4W4McWYRpgf0fWsJZWB","Tyler, The Creator, Kali Uchis","See You Again (feat. Kali Uchis)","Columbia",16,85,42,"11684360"
94,"spotify:track:25OeKzcqakFPaJlXHPE5lm","Carin Leon","Primera Cita","Socios Music, LLC",21,87,24,"11640869"
95,"spotify:track:2kz1YOhJiNubjigR1gB1VX","Rauw Alejandro","DILUVIO","Sony Music Latin/Duars Entertainment",59,100,5,"11623815"
96,"spotify:track:3xKsf9qdS1CyvXSMEid6g8","Frank Ocean","Pink + White","Boys Don't Cry",70,80,30,"11564833"
97,"spotify:track:4HEOgBHRCExyYVeTyrXsnL","Frank Sinatra","Jingle Bells - Remastered 1999","Capitol Records",72,111,11,"11489455"
98,"spotify:track:0RiRZpuVRbi7oqRdSMwhQY","Post Malone, Swae Lee","Sunflower - Spider-Man: Into the Spider-Verse","Republic Records",1,84,262,"11482281"
99,"spotify:track:0YxKKO272sacGBJKjf6FnB","Jaani, B Praak","Saari Duniya Jalaa Denge","T-Series",99,124,2,"11343484"
100,"spotify:track:3qQbCzHBycnDpGskqOWY0E","Eslabon Armado, Peso Pluma","Ella Baila Sola","DEL Records",1,90,39,"11340594"
101,"spotify:track:7qEHsqek33rTcFNT9PFqLf","Lewis Capaldi","Someone You Loved","Vertigo Berlin",4,92,257,"11337167"
102,"spotify:track:7yIIeKUxTpn36X6CFJhgEi","Bellakath, Dani Flow","Reggaeton Champagne","La Mafia del Perreo",78,101,10,"11104347"
103,"spotify:track:561jH07mF1jHuk7KlaeF0s","Eminem","Mockingbird","Aftermath",24,91,61,"11035465"
104,"spotify:track:2yzshFeBIwH8tWIqHEFLeD","Grupo Frontera, Bad Bunny","un x100to","Grupo Frontera",1,96,35,"11033432"
105,"spotify:track:1foCxQtxBweJtZmdxhEHVO","Eartha Kitt, Henri René and His Orchestra","Santa Baby (with Henri René & His Orchestra)","RCA Bluebird",98,-1,13,"11007243"
106,"spotify:track:4uUG5RXrOk84mYEfFvj3cK","David Guetta, Bebe Rexha","I'm Good (Blue)","Parlophone UK",2,89,68,"10982749"
107,"spotify:track:5g7sDjBhZ4I3gcFIpkrLuI","Bruno Mars","Locked out of Heaven","Atlantic Records",39,108,79,"10976119"
108,"spotify:track:05WVKTdZhlIMX4qqMLuo0f","Peso Pluma, Anitta","BELLAKEO","Double P Records",108,-1,1,"10957491"
109,"spotify:track:3yfqSUWxFvZELEM4PmlwIR","Eminem","The Real Slim Shady","Interscope",51,77,110,"10930924"
110,"spotify:track:1xK59OXxi2TAAAbmZK0kBL","d4vd","Romantic Homicide","Darkroom/Interscope Records",17,105,67,"10904921"
111,"spotify:track:4R2kfaDFhslZEMJqAFNpdd","Taylor Swift","cardigan","Taylor Swift",1,94,51,"10778589"
112,"spotify:track:6wsqVwoiVH2kde4k4KKAFU","Travis Scott","I KNOW ?","Cactus Jack/Epic",14,99,20,"10755863"
113,"spotify:track:1s7oOCT8vauUh01PbJD6ps","Rema, Selena Gomez","Calm Down (with Selena Gomez)","Mavin Records / Jonzing World",9,88,68,"10750273"
114,"spotify:track:3QiAAp20rPC3dcAtKtMaqQ","Elvis Presley","Blue Christmas","RCA Victor",59,117,27,"10692230"
115,"spotify:track:1hZsWUnLbqRw09jLAMQSsb","Feid, Young Miko","CLASSY 101","UMLE - Latino",8,75,37,"10661499"
116,"spotify:track:2O3MQ6H3gjrIWDcpeTrikT","Kelly Clarkson, Ariana Grande","Santa, Can’t You Hear Me","Atlantic Records",105,160,6,"10517728"
117,"spotify:track:5QO79kh1waicV47BqGRL3g","The Weeknd","Save Your Tears","Republic Records",2,186,152,"10507285"
118,"spotify:track:4EWCNWgDS8707fNSZ1oaA5","Kanye West","Heartless","Roc-A-Fella",118,133,23,"10468702"
119,"spotify:track:6dBUzqjtbnIa1TwYbyw5CM","TV Girl","Lovers Rock","TV Girl",119,123,25,"10415762"
120,"spotify:track:7aqfrAY2p9BUSiupwk3svU","Drake, J. Cole","First Person Shooter (feat. J. Cole)","OVO/Republic",6,113,10,"10383979"
121,"spotify:track:2TJKY0WSFufZOzbRNgl6zE","Alex Favela, Grupo Marca Registrada, Joaquin Medina","ELOVRGA","Rios Music/ Outerspace Music/ Boba Records Corporation",59,106,15,"10378726"
122,"spotify:track:68Dni7IE4VyPkTOH9mRWHr","J. Cole","No Role Modelz","Roc Nation Records LLC",76,104,125,"10376668"
123,"spotify:track:0ll8uFnc0nANY35E0Lfxvg","Keane","Somewhere Only We Know","Universal-Island Records Ltd.",106,128,60,"10372269"
124,"spotify:track:2Zo1PcszsT9WQ0ANntJbID","Sabrina Carpenter","Feather","Island Records",124,153,2,"10366156"
125,"spotify:track:0yc6Gst2xkRu0eMLeRMGCX","Cigarettes After Sex","Apocalypse","Liberator Music / Partisan Records",89,129,74,"10301626"
126,"spotify:track:3Ua0m0YmEjrMi9XErKcNiR","Jimin","Like Crazy","BIGHIT MUSIC",15,103,38,"10270666"
127,"spotify:track:1mea3bSkSGXuIRvnydlB5b","Coldplay","Viva La Vida","Parlophone UK",57,114,68,"10256344"
128,"spotify:track:1v7L65Lzy0j0vdpRjJewt1","Eminem","Lose Yourself","Aftermath",44,110,125,"10232115"
129,"spotify:track:3VTNVsTTu05dmTsVFrmGpK","The Pogues, Kirsty MacColl","Fairytale of New York (feat. Kirsty MacColl)","WM UK",47,154,26,"10169490"
130,"spotify:track:5gDWsRxpJ2lZAffh5p7K0w","The Weeknd, Lana Del Rey","Stargirl Interlude","Universal Republic Records",99,118,72,"10164874"
131,"spotify:track:2FDTHlrBguDzQkp7PVj16Q","Dave, Central Cee","Sprinter","Neighbourhood / Live Yours",6,121,28,"10048764"
132,"spotify:track:505v13epFXodT9fVAJ6h8k","KAROL G","AMARGURA","BICHOTA RECORDS / INTERSCOPE RECORDS / UNIVERSAL MUSIC LATINO",53,125,30,"9974588"
133,"spotify:track:6RcAHyC5sAUIbPTkhOQwd8","Junior H","Y LLORO","WEA Latina",55,132,10,"9936127"
134,"spotify:track:5KD6AEm19QnMbfWpfoOHMl","Taylor Swift","Now That We Don't Talk (Taylor's Version) (From The Vault)","Taylor Swift",2,102,7,"9856599"
135,"spotify:track:3FvTHuefYV6TxE3Kseqno8","Gabito Ballesteros, Natanael Cano","LOU LOU","Los CT Records",43,112,8,"9787372"
136,"spotify:track:0JmnkIqdlnUzPaf8sqBRs3","Kali Uchis","Moonlight","Geffen Records",37,116,40,"9767342"
137,"spotify:track:17phhZDn6oGtzMe56NuWvj","Teddy Swims","Lose Control","Warner Records",114,174,5,"9763732"
138,"spotify:track:22skzmqfdWrjJylampe0kt","Macklemore, Ryan Lewis, Macklemore & Ryan Lewis, Ray Dalton","Can't Hold Us (feat. Ray Dalton)","Macklemore",86,157,96,"9755449"
139,"spotify:track:2UW7JaomAMuX9pZrjVpHAU","Yng Lvcas, Peso Pluma","La Bebe - Remix","WM Mexico",3,151,39,"9749712"
140,"spotify:track:086myS9r57YsLbJpU0TgK9","Arctic Monkeys","Why'd You Only Call Me When You're High?","Domino Recording Co",95,127,106,"9736859"
141,"spotify:track:3PIDciSFdrQxSQSihim3hN","Mariah Carey","Christmas (Baby Please Come Home)","Columbia",65,168,19,"9716186"
142,"spotify:track:0YWUHZPJVg4iujddsJDwhM","Britney Spears","My Only Wish (This Year)","Jive",64,173,21,"9706750"
143,"spotify:track:3EaJDYHA0KnX88JvDhL9oa","Steve Lacy","Dark Red","Three Quarter",66,137,106,"9689090"
144,"spotify:track:6dgUya35uo964z7GZXM07g","Sabrina Carpenter","Nonsense","Island Records",17,135,48,"9677263"
145,"spotify:track:1RzjXhgnzqb3dMa5852itx","Peso Pluma, Tito Double P","LA PEOPLE","Double P Records",115,142,4,"9669690"
146,"spotify:track:0B7wvvmu9EISAwZnOpjhNI","Bruno Mars","When I Was Your Man","Atlantic Records",72,143,68,"9658563"
147,"spotify:track:0u2P5u6lvoDfwTYjAADbn4","Billie Eilish, Khalid","lovely (with Khalid)","Darkroom",24,140,295,"9657796"
148,"spotify:track:1R0a2iXumgCiFb7HEZ7gUE","Taylor Swift","Don’t Blame Me","Big Machine Records, LLC",71,126,69,"9628985"
149,"spotify:track:2tpWsVSb9UEmDRxAl1zhX1","OneRepublic","Counting Stars","Mosley / Interscope",101,176,139,"9628977"
150,"spotify:track:2pnPe4pJtq7689i5ydzvJJ","Chuck Berry","Run Rudolph Run","Geffen*",65,189,19,"9621085"
151,"spotify:track:4fYte8ZvTK14NEhAOZocBi","OneRepublic","I Ain't Worried","Mosley Music/Interscope Records",7,134,80,"9614770"
152,"spotify:track:3cDyocF0Ibdfs1SFQk5cLZ","Darell","Lollipop","Sony Music Latin",19,109,10,"9607900"
153,"spotify:track:5ZJGv7aGdIr9IGpxzSG18T","Nicki Minaj, Lil Uzi Vert","Everybody (feat. Lil Uzi Vert)","Republic Records",153,-1,1,"9590923"
154,"spotify:track:4SqWKzw0CbA05TGszDgMlc","The Walters","I Love You So","Warner Records",21,156,83,"9518577"
155,"spotify:track:5xlS0QkVrSH7ssEbBgBzbM","The Beach Boys","Little Saint Nick - 1991 Remix","Capitol Records",69,-1,10,"9508536"
156,"spotify:track:7j4OmvkjRz0PrjFADlHfQx","Adele","Set Fire to the Rain","XL Recordings",61,152,53,"9505502"
157,"spotify:track:1FEiijYPJtyswChfcpv3p0","Lana Del Rey","Summertime Sadness","Polydor Records",83,131,70,"9493647"
158,"spotify:track:3WMj8moIAXJhHsyLaqIIHI","Zach Bryan","Something in the Orange","Warner Records",57,144,50,"9455393"
159,"spotify:track:3zSSCPpLZ5Oc8nelhhGjKz","AUR","Tu hai kahan","Sony Music Entertainment",75,197,8,"9449297"
160,"spotify:track:0rHToGels2lt8Y0mCYoF90","Nat King Cole","Deck The Hall","CAPITOL CATALOG MKT (C92)",55,194,5,"9421950"
161,"spotify:track:7yq4Qj7cqayVTp3FF9CWbm","Vance Joy","Riptide","Liberation Records",81,170,148,"9404504"
162,"spotify:track:74X2u8JMVooG2QbjRxXwR8","LE SSERAFIM","Perfect Night","SOURCE MUSIC",57,138,7,"9401789"
163,"spotify:track:3hUxzQpSfdDqwM3ZTFQY0K","Taylor Swift","august","Taylor Swift",11,115,45,"9375374"
164,"spotify:track:58ge6dfP91o9oXMzq3XkIS","Arctic Monkeys","505","Domino Recording Co",43,141,102,"9368778"
165,"spotify:track:3tt9i3Hhzq84dPS8H7iSiJ","Manuel Turizo","La Bachata","Sony Music Latin/La Industria",4,146,76,"9308632"
166,"spotify:track:2WfaOiMkCvy7F5fcp2zZ8L","a-ha","Take on Me","Rhino",83,162,18,"9248730"
167,"spotify:track:7BqBn9nzAq8spo5e7cZ0dJ","Bruno Mars","Just the Way You Are","Atlantic Records",120,177,51,"9245465"
168,"spotify:track:54zcJnb3tp9c5OVKREZ1Is","KAROL G","MI EX TENÍA RAZÓN","Bichota/Interscope Records",22,155,18,"9242498"
169,"spotify:track:4KW1lqgSr8TKrvBII0Brf8","Kanye West","Father Stretch My Hands Pt. 1","Rock The World/IDJ/Kanye LP7",169,-1,3,"9234279"
170,"spotify:track:1u8c2t2Cy7UBoG4ArRcF5g","Taylor Swift","Blank Space","Big Machine Records, LLC",27,122,105,"9187013"
171,"spotify:track:3IznIgmXtrUaoPWpQTy5jB","TV Girl","Not Allowed","TV Girl",171,-1,1,"9186131"
172,"spotify:track:2Hh3ETdQKrmSI3QS0hme7g","Metro Boomin, Future, Don Toliver","Too Many Nights (feat. Don Toliver & with Future)","Republic Records",33,139,41,"9176119"
173,"spotify:track:3hxIUxnT27p5WcmjGUXNwx","Hotel Ugly","Shut up My Moms Calling","Hotel Ugly, under exclusive license to Amuseio AB",82,148,50,"9173061"
174,"spotify:track:567e29TDzLwZwfDuEpGTwo","The Kid LAROI, Justin Bieber","STAY (with Justin Bieber)","Columbia",1,163,127,"9137231"
175,"spotify:track:0JXXNGljqupsJaZsgSbMZV","Miguel","Sure Thing","Jive",14,166,53,"9128770"
176,"spotify:track:5TRPicyLGbAF2LGBFbHGvO","Kanye West, Dwele","Flashing Lights","Roc-A-Fella",141,164,13,"9123090"
177,"spotify:track:7K3BhSpAxZBznislvUMVtn","Morgan Wallen","Last Night","Big Loud Records / Mercury Records / Republic Records",14,136,45,"9117464"
178,"spotify:track:6I3mqTwhRpn34SLVafSH7G","Justin Bieber","Ghost","RBMG/Def Jam",11,158,115,"9082919"
179,"spotify:track:2eAvDnpXP5W0cVtiI0PUxV","Ruth B.","Dandelions","Columbia",34,172,122,"9078260"
180,"spotify:track:5qaEfEh1AtSdrdrByCP7qR","Imagine Dragons","Demons","Kid Ina Korner / Interscope",119,179,56,"9059349"
181,"spotify:track:5odlY52u43F5BjByhxg7wg","JVKE","golden hour","JVKE",14,150,68,"9058837"
182,"spotify:track:6Qyc6fS4DsZjB2mRW9DsQs","The Goo Goo Dolls","Iris","Warner Records",124,169,21,"9041198"
183,"spotify:track:0dS2u2UFd88TIzDDaZDLvS","d4vd","Here With Me","Darkroom/Interscope Records",14,161,59,"9039790"
184,"spotify:track:3azJifCSqg9fRij2yKIbWz","Tory Lanez","The Color Violet","One Umbrella Records",70,130,44,"9020470"
185,"spotify:track:2InS5VWKJQbsFBKOsf1cJB","Dj GBR, Mc IG, MC Ryan SP, MC PH, Mc Davi, Mc Luki, Mc Don Juan, Mc Kadu, TrapLaudo, MC GP, MC GH do 7","Let's Go 4","GR6 Music",85,165,13,"9019770"
186,"spotify:track:6rjuKpPydT2SxN15TZpV7r","Lil Tecca","500lbs","Galactic Records/Lil Tecca",89,147,9,"8991750"
187,"spotify:track:5sdQOyqq2IDhvmx2lHOpwd","NewJeans","Super Shy","ADOR",9,149,23,"8971058"
188,"spotify:track:71BqAINEnezjQfxE4VuJfq","Taylor Swift","""Slut!"" (Taylor's Version) (From The Vault)","Taylor Swift",3,145,7,"8884521"
189,"spotify:track:0DWdj2oZMBFSzRsi2Cvfzf","KAROL G, Shakira","TQG","BICHOTA RECORDS / INTERSCOPE RECORDS / UNIVERSAL MUSIC LATINO",1,167,42,"8875412"
190,"spotify:track:3kx21xR6IboC9HVdajgBoc","Fuerza Regida","SABOR FRESA","Rancho Humilde/Street Mob Records",15,183,25,"8854292"
191,"spotify:track:550rQQCGkrTzvp4SfpOPzx","Pentatonix","Hallelujah","RCA Records Label",107,-1,10,"8839275"
192,"spotify:track:1yeB8MUNeLo9Ek1UEpsyz6","Drake, Sexyy Red, SZA","Rich Baby Daddy (feat. Sexyy Red & SZA)","OVO/Republic",28,-1,9,"8836609"
193,"spotify:track:0tgVpDi06FyKpA1z0VMD4v","Ed Sheeran","Perfect","Atlantic Records UK",4,187,352,"8814864"
194,"spotify:track:5wG3HvLhF6Y5KTGlK0IW3J","Metro Boomin, Travis Scott, Young Thug","Trance (with Travis Scott & Young Thug)","Republic Records",65,178,30,"8799758"
195,"spotify:track:1zi7xx7UVEFkmKfv06H8x0","Drake, Wizkid, Kyla","One Dance","Cash Money Records/Young Money Ent./Universal Rec.",12,175,172,"8760013"
196,"spotify:track:4RvWPyQ5RL0ao9LPZeSouE","Tears For Fears","Everybody Wants To Rule The World","UMC (Universal Music Catalogue)",91,188,66,"8740101"
197,"spotify:track:60a0Rd6pjrkxjPbaKzXjfq","Linkin Park","In the End","Warner Records",22,181,25,"8685916"
198,"spotify:track:3DK6m7It6Pw857FcQftMds","Kanye West, Pusha T","Runaway","Roc-A-Fella",198,199,2,"8682893"
199,"spotify:track:5FVd6KXrgO9B3JPmC8OPst","Arctic Monkeys","Do I Wanna Know?","Domino Recording Co",98,182,117,"8679014"
200,"spotify:track:7F4tV8SiUy6itZTdAzdafO","Nadhif Basalamah","penjaga hati","After School",91,159,9,"8671167"
