uri,artist_names,track_name
spotify:track:7xJ1scIZpc33lZ7HpcrjCY,Grupo Firme,El Beneficio De La Duda
spotify:track:4dLLdfiniBhDP9dlJQIOi4,"Los √Ångeles Azules, Emilia","Perdonarte, ¬øPara Qu√©?"
spotify:track:2nibvvDdAQkVraYP00z2RS,"Drake, 21 Savage",Calling For You (feat. 21 Savage)
spotify:track:4ZT0wGKwlJRjpMUuwZVy3p,Drake,Daylight
spotify:track:53KaP77tkliz36LPxWGlWK,Drake,Fear Of Heights
spotify:track:0Mrnt1YqVuW2bqmwu4VxDt,"Drake, Teezo Touchdown",Amen (feat. Teezo Touchdown)
spotify:track:1GpWY5RiInhezB8wGWs6oN,Drake,7969 Santa
spotify:track:0w3Mfe4PIVjuFjJbe3OlYv,Drake,8am in Charlotte
spotify:track:3JZjcKImHcmOI9ylL4zrSc,Drake,Bahamas Promises
spotify:track:3IHt4j5uAEl7iBu8Utn985,Drake,Tried Our Best
spotify:track:1DAibqbopEYULPEtE8WHTE,Drake,What Would Pluto Do
spotify:track:24FUBxaAYSBlWsbSnEzDcn,"Drake, PARTYNEXTDOOR",Members Only (feat. PARTYNEXTDOOR)
spotify:track:03rwnftfgpYVO6QDWOZcG6,Drake,Drew A Picasso
spotify:track:17IBDpAl3J39swaoPlfGpp,"Drake, Lil Yachty",Another Late Night (feat. Lil Yachty)
spotify:track:1PIgY9ybyFT9uWLM5POYGY,"Drake, Chief Keef",All The Parties (feat. Chief Keef)
spotify:track:4IcbUXrAzBtn6iUO1LP471,Drake,Away From Home
spotify:track:3DeZc9cOc1DM8YNoJV8lAv,"Bizarrap, Milo j",Toy en el Mic
spotify:track:0aPs3kmiqmt9QG7gWXdefA,"Bizarrap, Milo j",No soy Eterno
spotify:track:3oZZfVvLJuDYc4Vn3A63Fw,Drake,Polar Opposites
spotify:track:0Vz146N2GxkVJw4kSGXrNi,JENNIE,You & Me (Coachella ver.)
spotify:track:1mjAD7IYvI5UGiB7WnppMf,Drake,BBL Love - Interlude
spotify:track:0ArVfVP8B5svkfj8clHNzB,Drake,Screw The World - Interlude
spotify:track:68cUJFq7aAbgeurngTmngL,Junior H,$AD BOYZ II
spotify:track:2kQuhkFX7uSVepCD3h29g5,"Akon, Eminem",Smack That
spotify:track:4b7vk8SRcYgnxpk0JOIS7r,Travis Scott,Drugs You Should Try It
spotify:track:7xjV9rXbAUDCreKgx2pkGY,"Mari Fernandez, Z√© Felipe","Louco, Louco - Ao Vivo"
spotify:track:7sO5G9EABYOXQKNPNiE9NR,"Offset, Metro Boomin",Ric Flair Drip (with Metro Boomin)
spotify:track:4uzKAj0mIyYmyhsRRyPXaQ,Alex Warren,Carry You Home
spotify:track:02YMpD1xbZZzpZbuZNvmD7,"Gordo, Drake",Sideways
spotify:track:7aZDcmt34eouhqw29aMR91,David Kushner,Skin and Bones
spotify:track:52A0oY4u5ufxrHC85JGf4x,Shawn Mendes,Why Why Why
spotify:track:4VQO1UdVIecQqB49PlANHz,"Drake, Young Thug, 21 Savage",It's Up (feat. Young Thug & 21 Savage)
spotify:track:53IRnAWx13PYmoVYtemUBS,Chappell Roan,Femininomenon
spotify:track:3r8RuvgbX9s7ammBn07D3W,NewJeans,Ditto
spotify:track:3DBtvrhv3SAgK7s6zBGgbe,Feid,LUCES DE TECNO
spotify:track:5BKiMkWucQVb7wrFi29VtX,Jung Kook,3D (Alternate Ver.)
spotify:track:6AENBD8I0mDGglFqrRZGu7,"Gusttavo Lima, Ana Castela",Canudinho - Ao Vivo
spotify:track:09mEdoA6zrmBPgTEN5qXmN,The Weeknd,Call Out My Name
spotify:track:4fzyvSu73BhGvi96p2zwjL,Coldplay,Christmas Lights
spotify:track:18uSfZqFBxQFi8CsXOIbhy,Cher,DJ Play A Christmas Song
spotify:track:7MSYSOobsombc1mbDWFxtD,Donny Hathaway,This Christmas
spotify:track:1VuAamHM7P3VQQEXYGG3Uu,Nat King Cole,Joy To The World
spotify:track:25leEEaz1gIpp7o21Fqyjo,Gene Autry,Here Comes Santa Claus (Right Down Santa Claus Lane) - 1947 Version
spotify:track:4tHqQMWSqmL6YjXwsqthDI,John Williams,Carol of the Bells
spotify:track:7n7VsX3sv66znBwA8b5uhp,Elvis Presley,Here Comes Santa Claus (Right Down Santa Claus Lane)
spotify:track:7Ivelh8N9J25Yj9KKxYj6w,Michael Bubl√©,Santa Claus Is Coming to Town
spotify:track:2L9QLAhrvtP4EYg1lY0Tnw,Dean Martin,Rudolph The Red-Nosed Reindeer
spotify:track:1QLZKzC2pjP4ySf4ALrNhm,Ava Max,Christmas Without You
spotify:track:1Qi2wh8fFgDV7tl4Sj3f2K,Sam Smith,Have Yourself A Merry Little Christmas
spotify:track:5eK52eAjFLLBNhOUIuBnBe,Stevie Wonder,What Christmas Means To Me
spotify:track:47otoIkhx3fkdivEXL5OB6,Burl Ives,Rudolph The Red-Nosed Reindeer
spotify:track:4MrfQL4TYQXJBlZYpAHTuE,Dean Martin,"Baby, It's Cold Outside"
spotify:track:3bMfUUpzUzqWp9II00yRhE,Vince Guaraldi Trio,Christmas Time Is Here
spotify:track:4qBejt9FeqLI9blHI1Nq1x,"Michael Bubl√©, The Puppini Sisters",Jingle Bells (feat. The Puppini Sisters)
spotify:track:15coTBAzEN1bOeipoNDZAR,*NSYNC,"Merry Christmas, Happy Holidays"
spotify:track:78pn8k7RogKo2oxl0DyX6d,Leona Lewis,One More Sleep
spotify:track:65irrLqfCMRiO3p87P4C0D,Ella Fitzgerald,Frosty The Snowman
spotify:track:5xDrO9DEDJGUQGfyoHvgDJ,Ariana Grande,Last Christmas
spotify:track:0Ie5uiv54KgCr7P4sYDTHl,"Idina Menzel, Michael Bubl√©",Baby It's Cold Outside (with Michael Bubl√©)
spotify:track:3lkYS3iMpWMVpaJ0yJAFrJ,The Jackson 5,I Saw Mommy Kissing Santa Claus
spotify:track:2FPfeYlrbSBR8PwCU0zaqq,Frank Sinatra,Have Yourself A Merry Little Christmas - Remastered 1999
spotify:track:7faDzZnZYqTyYThx2sbHVQ,Frank Sinatra,Mistletoe And Holly - Remastered 1999
spotify:track:1Wf14bTyb6UeKojy8ykPYm,Andy Williams,Happy Holiday / The Holiday Season
spotify:track:5Q2P43CJra0uRAogjHyJDK,"Brett Eldredge, Meghan Trainor","Baby, It's Cold Outside (feat. Meghan Trainor)"
spotify:track:1mH6tZC6iXIHPI6EixCwxw,Wizzard,I Wish It Could Be Christmas Everyday
spotify:track:1NghHeg0wE32eBYrQBVQXL,Train,Shake Up Christmas
spotify:track:51hyZpbJlIgZIaX3TtMxmu,Tate McRae,run for the hills
spotify:track:2FoahzOSxJnalPA8aBUme3,21 Savage,all of me
spotify:track:2K7sv1mno9PvbXVBpqvSKn,21 Savage,sneaky
spotify:track:47yD0e9MCRIB8dgUXPfyW3,"21 Savage, Young Thug, Metro Boomin",pop ur shit
spotify:track:0fyP96TikhD9sM4eKqw5Yp,"21 Savage, Lil Durk, Metro Boomin",dangerous
spotify:track:4Xzq2WibDHR5Eufi21HlEZ,"21 Savage, Brent Faiyaz",should've wore a bonnet
spotify:track:5wttBUDyaHAR5q9fYnN3YF,"21 Savage, Summer Walker",prove it
spotify:track:4yLyVdEqV790aIXyGif85v,"21 Savage, Tommy Newport, Mikky Ekko",red sky
spotify:track:17CWWoszMuoGecCJzmOubE,Lil Nas X,J CHRIST
spotify:track:5KI7I4mEtulXcv5VQJaV35,"21 Savage, Burna Boy, Metro Boomin",just like me
spotify:track:5P1z8XwsCStb74emERTx9v,21 Savage,letter to my brudda
spotify:track:2UDARQiksl207HcSduDpov,"Beyonc√©, Post Malone",LEVII'S JEANS
spotify:track:6ocGUvvzNkvf4hAV9VFb4P,Beyonc√©,AMERIICAN REQUIEM
spotify:track:3LJeR75SmszOUSvE1qNZDF,"Beyonc√©, Tanner Adell, Brittney Spencer, Tiera Kennedy, Reyna Roberts",BLACKBIIRD
spotify:track:27a8HLPwti6tmgQ6FR8aVI,Beyonc√©,DAUGHTER
spotify:track:5UcUppRaEIBMIHXiUFl7LI,"Beyonc√©, Linda Martell, Shaboozey",SPAGHETTII
spotify:track:7x5ziCOQFir0AQN8dFisK6,Beyonc√©,16 CARRIAGES
spotify:track:0K9tfzrxJyCQIf7oAlPwaK,Beyonc√©,YA YA
spotify:track:11sirgYaEutV40tkvgpHN6,"j-hope, Gaeko, YOON MIRAE",NEURON (with Gaeko & YOON MIRAE)
spotify:track:3koE8h6ORJ28j0xEPO4n6K,"Beyonc√©, Rumi Carter",PROTECTOR
spotify:track:3evCfqmaP5ZFbWMeFI0E21,Beyonc√©,ALLIIGATOR TEARS
spotify:track:7EG3kXbKmNC1OismTn6ZG5,Beyonc√©,MY ROSE
spotify:track:3NtCIBBz5pEAVGeHL4h5mS,"Beyonc√©, Dolly Parton",TYRANT
spotify:track:76OC0zMt7wqgys9BpPfLag,"Beyonc√©, Willie Nelson",SMOKE HOUR ‚òÖ WILLIE NELSON
spotify:track:51D9PHMiMxuRGtGz61F4QN,"Beyonc√©, Willie Jones",JUST FOR FUN
spotify:track:0TsCBkrq3owPs06HP5Q9Z4,Beyonc√©,RIIVERDANCE
spotify:track:3tmrwNhOKNDMUVg1Z924Aq,Beyonc√©,FLAMENCO
spotify:track:2g042sh2sg0fmOrr1lApqi,Beyonc√©,II HANDS II HEAVEN
spotify:track:6uTPA1xlcsk6dbchB2dhzl,"TOMORROW X TOGETHER, Anitta",Back for More (with Anitta)
spotify:track:5YABYtKx9qa56vBjlXDbmw,"SZA, Justin Bieber",Snooze (Acoustic) (feat. Justin Bieber)
spotify:track:4f0aDk7HX37SfzerfznYlr,"Grupo Menos √â Mais, Matheus Fernandes",Lapada Dela - Ao Vivo
spotify:track:2mhdhTWqT8RhkTlN2yWZZi,J. Cole,7 Minute Drill
spotify:track:7aQ1tSYr518KwnE4SVSQbT,Bryson Tiller,Whatever She Wants [BONUS]
spotify:track:1yfKakY4rvI17lk20ekuRA,J. Cole,Crocodile Tearz
spotify:track:5RMTsrJkrtumtiIZjy7dL6,"J. Cole, Bas, Central Cee",H.Y.B. (feat. Bas & Central Cee)
spotify:track:6Y4rniIxibegzsg8cdWAWV,Beyonc√©,BODYGUARD
spotify:track:1VxEaXbIq3xAvqh80xP67w,Beyonc√©,JOLENE
spotify:track:2cH8wHImerFokgmhjyhCTU,J. Cole,Huntin‚Äô Wabbitz
spotify:track:2w5BtuWXISpB6NM4xPoeiR,"J. Cole, Ari Lennox, Young Dro, Gucci Mane","Pricey (feat. Ari Lennox, Young Dro & Gucci Mane)"
spotify:track:3aAnwyBJY9OLNLqSgd4fZU,TOMORROW X TOGETHER,Deja Vu
spotify:track:2H2ytI7ompfNmRkI2sq8Uk,"Camila Cabello, Playboi Carti",I LUV IT (feat. Playboi Carti)
spotify:track:6J2LdBN97cDWn0MLxYh9HB,Noah Cyrus,July
spotify:track:7omJfT9s6V2IpQNBYyq5C8,Beyonc√©,MY HOUSE
spotify:track:0YxKKO272sacGBJKjf6FnB,"Jaani, B Praak",Saari Duniya Jalaa Denge
spotify:track:15JINEqzVMv3SvJTAXAKED,"Eminem, Rihanna",Love The Way You Lie
spotify:track:5fpyAakgFOm4YTXkgfPzvV,NewJeans,ASAP
spotify:track:22VHOlVYBqytsrAqV8yXBK,"Noah Kahan, Post Malone",Dial Drunk (with Post Malone)
spotify:track:1wUnuiXMMvhudmzvcCtlZP,NewJeans,Get Up
spotify:track:5ZrDlcxIDZyjOzHdYW1ydr,Aqua,Barbie Girl
spotify:track:5nujrmhLynf4yMoMtj8AQF,"Dua Lipa, DaBaby",Levitating (feat. DaBaby)
spotify:track:7b6sWLSnbZhSIeqNGrJ4py,Dua Lipa,These Walls
spotify:track:5NEqpPrKdN5kkn66GPO5z1,Bayhan,Tiryakinim
spotify:track:7fPyCCiXVwbzPQ1MtoUChl,Daya,Hide Away
spotify:track:2MjXWroB9wlTG2kqv3avfS,Sexyy Red,Get It Sexyy
spotify:track:3FAclTFfvUuQYnEsptbK8w,Amy Winehouse,Back To Black
spotify:track:1HLaJowFbNM3MPyqnk5vjW,"Kali Uchis, KAROL G",Labios Mordidos (with KAROL G)
spotify:track:55u5QIlEuzCipJBtZPdJio,Eminem,Renaissance
spotify:track:7I3RalBqE7ZE0RSxgGlGlm,"Eminem, White Gold",Habits
spotify:track:77pfjsq0gSZwO8bYVTVROo,Eminem,Brand New Dance
spotify:track:5In8B6Om5OKrhwBMB4tXSi,"Eminem, JID",Fuel
spotify:track:59151GHN7yr5g9B3bqlGdR,Eminem,Trouble
spotify:track:21LCotDEwR7R8qOnqPVzi9,Eminem,Evil
spotify:track:50No7LiVffAJCWIChZodmU,"Eminem, Sly Pyper",Lucifer
spotify:track:0DIcssPpatAMqFXLZCxZMN,Eminem,Antichrist
spotify:track:3LkXOTWDwskwciQoARFDzu,Eminem,Guilty Conscience 2
spotify:track:6uMGHQvhZq8YyT4kdnG1L3,"Eminem, Skylar Grey",Temporary
spotify:track:0bBnrokPXtfwXQarqCu1Gz,"Eminem, Dem Jointz, Sly Pyper",Road Rage
spotify:track:7GXOXYdU950eRvk5rUAE8F,"Eminem, Ez Mil",Head Honcho
spotify:track:15qnOSRK5HMWOgL5HURhrc,"Eminem, White Gold",Bad One
spotify:track:0azC730Exh71aQlOt9Zj3y,"Calvin Harris, Rihanna",This Is What You Came For
spotify:track:3d2bsbugow8JiNvuaRupFH,"Jimin, Sofia Carson",Slow Dance (feat. Sofia Carson)
spotify:track:4HMUrFl8y6rQCzEbaGEkcj,"Eminem, Jelly Roll",Somebody Save Me
spotify:track:3KeYEr9ogMBemsOfQIJmZp,"Big One, Maria Becerra, Trueno",Cuando Te Vi | CROSSOVER #5
spotify:track:7gMfVc4zfNIxuMyMGglOHa,Jimin,Rebirth (Intro)
spotify:track:0d28khcov6AiegSCpG5TuT,Gorillaz,Feel Good Inc.
spotify:track:5pVJ3IlnpIorU44oXizzG5,"Boza, ELENA ROSE",Orion
spotify:track:0Jiaz0O4AqnJICa9PxHhaR,Darshan Raval,Mahiye Jinna Sohna
spotify:track:0paWX66K9n7sYR9AkKkyzB,Beat Record,Standing Next to You - Sped Up - Remix
spotify:track:2fB5YRuD88drKpCXQOAk03,Selena Gomez,Love On
spotify:track:7DfFc7a6Rwfi3YQMRbDMau,Frank Ocean,Thinkin Bout You
spotify:track:1eaqMiiUn2P7MnqJK4XeK0,"¬•$, Kanye West, Ty Dolla $ign",TALKING
spotify:track:2y4ZR0BUAVePljHSsZyIgj,"¬•$, Kanye West, Ty Dolla $ign",PAID
spotify:track:7hVb3OyFkgxDgpTdrOX6dT,"¬•$, Kanye West, Ty Dolla $ign",KEYS TO MY LIFE
spotify:track:2yyO7EKRr7c3txi4xCXUFk,"¬•$, Kanye West, Ty Dolla $ign",PAPERWORK
spotify:track:3SIRBp4RRQ2AO5H4NO7xfq,"¬•$, Kanye West, Ty Dolla $ign",VULTURES
spotify:track:4ihV1wv7QmjbkLHaT9lA4s,"¬•$, Kanye West, Ty Dolla $ign",BEG FORGIVENESS
spotify:track:60QN1JrgYM7jcfW8pdQFqT,Annalisa,Sinceramente
spotify:track:6eJUG282cUKuIoa72sEsqO,"Ivete Sangalo, LUDMILLA",Macetando
spotify:track:49R1F3rIdSzuPk7AcHi6d1,Angelina Mango,la noia
spotify:track:1eThXFmkENeSkdeLO8S86F,"¬•$, Kanye West, Ty Dolla $ign",HOODRAT
spotify:track:0FlwhvrncUKrEAhzunmCKm,Noah Kahan,Forever
spotify:track:6fcQIY5VSFNrK4YzDoljPQ,"Parangol√©, Leo Santana",Perna Bamba
spotify:track:5GtUTcvOx52F5648wXQfc7,"¬•$, Kanye West, Ty Dolla $ign",PROBLEMATIC
spotify:track:4cWrKV5SN7AknqPy4ryBDG,Ghali,Casa Mia
spotify:track:0oQCRjrWGvkqkdf82UlXI3,PEDRO SAMPAIO,POCPOC
spotify:track:5mQTzYTDDob48mOP3U9k7Q,Irama,Tu No
spotify:track:4356Typ82hUiFAynbLYbPn,"USHER, Pitbull",DJ Got Us Fallin' In Love (feat. Pitbull)
spotify:track:68vgtRHr7iZHpzGpon6Jlo,"USHER, Alicia Keys",My Boo
spotify:track:6x9pCndnXEoea0CMcfjs9W,"21 Savage, Doja Cat",n.h.i.e.
spotify:track:7chTH3GBjjAyagf0SPCZDL,"Blessd, Feid",SI SABE FERXXO
spotify:track:7tqhbajSfrz2F7E1Z75ASX,"Marvin Gaye, Tammi Terrell",Ain't No Mountain High Enough
spotify:track:0SoBfYjQHvL6cuWHtPUYnq,"Valentino Merlo, The La Planta",Hoy
spotify:track:3nQ24dxqvxZEVwlHTeuLz0,"Charli xcx, Ariana Grande",Sympathy is a knife featuring ariana grande
spotify:track:1xmvq1fYLs9TEgikaFilGW,"KSI, Trippie Redd",Thick Of It (feat. Trippie Redd)
spotify:track:7IFsTX5H1sWcEl8joV0IdD,"THE BOX, Mc Brinquedo, MC Cebezinho, MC Tuto, Mc Laranjinha, DJ Oreia",THE BOX MEDLEY FUNK 2
spotify:track:0hL9gOw6XBWsygEUcVjxEc,Travis Scott,HYAENA
spotify:track:0OEe83mMZ5kaNw5uZQ7ilG,"Travis Scott, Beyonc√©",DELRESTO (ECHOES) (feat. Beyonc√©)
spotify:track:3KCNiDi9Pza6ZD8FggNoaw,"Travis Scott, Teezo Touchdown",MODERN JAM (feat. Teezo Touchdown)
spotify:track:7LSpFCvRZZot2AlmkUzy9k,Travis Scott,SIRENS
spotify:track:04WxWo7XeVyx22xEsrWRUb,Travis Scott,GOD'S COUNTRY
spotify:track:4GL9GMX9t7Qkprvf1YighZ,"Travis Scott, The Weeknd, Swae Lee",CIRCUS MAXIMUS (feat. The Weeknd & Swae Lee)
spotify:track:0bkV1iQHSxBaksUqgEkcbc,"Travis Scott, Young Thug",SKITZO (feat. Young Thug)
spotify:track:76gcXhY3Zv6wW0BTe9nHJo,"Travis Scott, James Blake, 21 Savage",TIL FURTHER NOTICE (feat. James Blake & 21 Savage)
spotify:track:7EiUtdeoWcKqLi5ELZCjYf,"Travis Scott, Westside Gunn",LOST FOREVER (feat. Westside Gunn)
spotify:track:0a4SMs889NwP8oWI7Vemle,"Travis Scott, Kid Cudi",LOOOVE (feat. Kid Cudi)
spotify:track:2Q0aElTZQtEUsoiaQfizu6,"Travis Scott, Yung Lean, Dave Chappelle",PARASAIL (feat. Yung Lean & Dave Chappelle)
spotify:track:3BHFResGQiUvbYToUdaDQz,Post Malone,Enough Is Enough
spotify:track:02wk5BttM0QL38ERjLPQJB,NewJeans,Cool With You
spotify:track:3uMO7jmdXxwSijvxNXDgE4,Post Malone,Overdrive
spotify:track:3pI3nzi2Y0Iyj1nATDOeQV,Post Malone,Mourning
spotify:track:1L0OmJV0LnPDWuHCIGmBV6,"Drake, Central Cee",On The Radar Freestyle
spotify:track:444vevlQjTnKioLLncteGv,Post Malone,Something Real
spotify:track:7jPdqwZug0ovtDZsY5uK4T,Ryan Gosling,I'm Just Ken (From Barbie The Album)
spotify:track:0lodMO0qK83vfPiiD7FMEt,"Travis Scott, Rob49, 21 Savage",TOPIA TWINS (feat. Rob49 & 21 Savage)
spotify:track:1PH2MDbcBAU094DlgTIND1,Travis Scott,THANK GOD
spotify:track:3HqcNJdZ2seoGxhn0wVNDK,KAROL G,PROVENZA
spotify:track:059qzhNaJb8tsqpdl2bHfF,Bad Bunny,Una Velita
spotify:track:6ZCfGA0bPM50DPmcSlJKGY,"Yandel, Feid",HABLAME CLARO
spotify:track:2jnezASa7o0lP6aif6VrIf,Future,TEFLON DON
spotify:track:5Se32hEA9raeboZerywxka,Drake,You Broke My Heart
spotify:track:2ut4BOQSqxLpcX5MtPjzYa,"Drake, J. Cole",Evil Ways (feat. J. Cole)
spotify:track:7DpUoxGSdlDHfqCYj0otzU,Billie Eilish,BITTERSUITE
spotify:track:02H58MSfVESkKyx4diDgu7,RM,LOST!
spotify:track:6Bcy1jJFcIAuAzJMtfpImi,Natanael Cano,Ya Te Olvide
spotify:track:4vziJcnB2Qyi9o4nIRUeN7,The Beatles,Now And Then
spotify:track:06Qo2fYR2KS1F7bL338iVT,"Jung Kook, Major Lazer",Closer to You (feat. Major Lazer)
spotify:track:5KfJvZ0PZzRdwFRaTUDAA7,Jung Kook,Somebody
spotify:track:7AbqgE05nFl9qY4FRUiq2p,Jung Kook,Shot Glass of Tears
spotify:track:3bNNvJA7hsGw0wSpGkfOBm,Jung Kook,Too Sad to Dance
spotify:track:2cZOYofOX4d6g0OXxkaIjA,Playboi Carti,ALL RED
spotify:track:6wj06az0WX7fClA2w319dO,Bernadya,Kata Mereka Ini Berlebihan
spotify:track:0gEyKnHvgkrkBM6fbeHdwK,The Cranberries,Linger
spotify:track:24XihnoVPWXlKJ4BgXqjVM,Tate McRae,It's ok I'm ok
spotify:track:7z7kvUQGwlC6iOl7vMuAr9,The Weeknd,Dancing In The Flames
spotify:track:7G7tgVYORlDuVprcYHuFJh,Crowded House,Don't Dream It's Over
spotify:track:1qbql17v0Hazo94o5RUyWQ,HUMBE,KINTSUGI
spotify:track:2uIX8YMNjGMD7441kqyyNU,Billie Eilish,ocean eyes
spotify:track:49S3znqBAQyPyMpEuKeyJ6,Coldplay,feelslikeimfallinginlove
spotify:track:3ZaEs1O8BG581qYPHpQ8d6,"A$AP Rocky, Imogen Heap, Clams Casino",I Smoked Away My Brain (I'm God x Demons Mashup) (feat. Imogen Heap & Clams Casino)
spotify:track:6KOnLTb1xLfKDAjMC43I76,"Natanael Cano, Oscar Maydon",Giza
spotify:track:50kpGaPAhYJ3sGmk6vplg0,Justin Bieber,Love Yourself
spotify:track:09CtPGIpYB4BrO8qb1RGsF,Justin Bieber,Sorry
spotify:track:0GJwUAlBMJTbY4VE7iE761,"KAROL G, Cris Mj, Ryan Castro",UNA NOCHE EN MEDELL√çN - REMIX
spotify:track:22dUzMFttcR3uU17NcOAIv,"Calvin Harris, Sam Smith",Desire (with Sam Smith)
spotify:track:1Vy9Wn5sbiduZKBqBlH3Mc,"Vulgo FK, MC PH, Veigh, Pedro Lotto, Fepache",Ballena
spotify:track:0xGZjxYqcNQ8WqxyeZ4eSN,Peso Pluma,RUBICON
spotify:track:4KWeGKChLKcnZsj3sIOSkW,"Eminem, Big Sean, BabyTron",Tobey (feat. Big Sean and BabyTron)
spotify:track:16kiQQ4BoLHDyj5W2fkfNK,Karan Aujla,"Tauba Tauba (From ""Bad Newz"")"
spotify:track:6WTFHKrnZpwEBLRS10Ylqs,Dominic Fike,misses
spotify:track:1kPhV0KQui1phEpjnWIqUN,"Jimin, Loco",Smeraldo Garden Marching Band (feat. Loco)
spotify:track:7z3PblAN3dH1JMewiRydkZ,The Kid LAROI,GIRLS
spotify:track:57bgtoPSgt236HzfBOd8kj,AC/DC,Thunderstruck
spotify:track:0HEytGQM3bG1vKxER7IgVK,"Zach Bryan, The Lumineers",Spotless (feat. The Lumineers)
spotify:track:00syWkRGIVQvYsg2OwfBUw,Zach Bryan,East Side of Sorrow
spotify:track:3EvZ03hGAFwGZ2Ebcu86YH,Zach Bryan,Tourniquet
spotify:track:5pIVEk6Di7n1v5khOzJaJL,Zach Bryan,Overtime
spotify:track:0GMiRrUnQuoGddKMsxGPIZ,Zach Bryan,Fear and Friday's
spotify:track:7eOuUmpnHBlg5zsm8Cs7c3,Zach Bryan,Summertime's Close
spotify:track:1HwDRgozGBMyfJTQUfz09A,Zach Bryan,Ticking
spotify:track:5DgY6Ab0vpyUMKnY9ubFOF,"Anirudh Ravichander, Super Subu",Hukum - Thalaivar Alappara
spotify:track:56v8WEnGzLByGsDAXDiv4d,NewJeans,ETA
spotify:track:3itgPtXSu4I9mr2QD6yrzP,"Zach Bryan, Sierra Ferrell",Holy Roller (feat. Sierra Ferrell)
spotify:track:79AHPJd8upvNxyK2qQcY8J,Megan Thee Stallion,HISS
spotify:track:2yUzr8Sr6ldG8vmHhZwTnz,"21 Savage, Travis Scott, Metro Boomin",n√©e-nah
spotify:track:0QosomGFiJYOxj2ViZfqng,Justin Timberlake,Selfish
spotify:track:4w2Furap0ZzaiK4J14E9sR,Ice Spice,Think U The Shit (Fart)
spotify:track:3Cx4BsDd4q0GCVBJ5CAw2K,"Gaby Music, Lunay, Luar La L",No Te Quieren Conmigo
spotify:track:371l4ekF9cDC2D5WuuabU6,Mahmood,TUTA GOLD
spotify:track:1icgLGTpX2fQXKRe4D7w2b,"¬•$, Kanye West, Ty Dolla $ign",BACK TO ME
spotify:track:3j1453KrdHjw7y4gnBj7nF,"Geolier, Michelangelo","I P‚Äô ME, TU P‚Äô TE"
spotify:track:2500EpUpryOBJX0rO8fDuB,"Junior H, Peso Pluma",A Tu Manera
spotify:track:05tGmdz9dVZ4yGqz4YJdPK,"Christian Nodal, Peso Pluma",La Intenci√≥n
spotify:track:35ttE4t8lQZA2vuCYDg4G7,Milo j,M.A.I
spotify:track:347AQK5Lyhn6RvB8tBGYxt,"¬•$, Kanye West, Ty Dolla $ign",STARS
spotify:track:5O4erNlJ74PIF6kGol1ZrC,Bob Marley & The Wailers,Could You Be Loved
spotify:track:357iDuZ0IXAAg3Aj7UszqO,"TWENTY SIX, Tayson Kryss",Buscando Money
spotify:track:2iGvsJuc2mC4mDVOVMNAP6,"¬•$, Kanye West, Ty Dolla $ign",DO IT
spotify:track:1EjIXKhNHI00ZLMRpS8iz8,Nemo,The Code
spotify:track:4S8PxReB1UiDR2F5x1lyIR,Kendrick Lamar,meet the grahams
spotify:track:1wFFFzJ5EsKbBWZriAcubN,Drake,Family Matters
spotify:track:1PT8hWQvl2gRO1JhDcSUqN,RM,Come back to me
spotify:track:1uxiaf3DUS4vpOqNGu4MzL,"Peso Pluma, Junior H, Eslabon Armado",LA DURANGO
spotify:track:5TswDbxMnxptgFTf6ZxvXQ,Baby Lasagna,Rim Tim Tagi Dim
spotify:track:7KXjTSCq5nL1LoYtL7XAwS,Kendrick Lamar,HUMBLE.
spotify:track:4BVcVEp6Df9VQN5qFwxDn3,Slimane,Mon amour
spotify:track:3Sz8P5ZFLARe2oJeb0qsyb,Tommy Richman,MILLION DOLLAR BABY (VHS)
spotify:track:1eB1JymprhH8QTLA8m1AsB,"Stray Kids, Charlie Puth",Lose My Breath (Feat. Charlie Puth)
spotify:track:3ng8tfwvzR4BBwa9yaMms6,"SAIKO, JC Reyes, Dei V",BADGYAL
spotify:track:1d02igesB9DREknAVXRiBd,Reynmen,Renklensin
spotify:track:1SS0WlKhJewviwEDZ6dWj0,"ZICO, JENNIE",SPOT!
spotify:track:75qepWUT3FEyPyXQMMMVZm,"Rels B, Junior H",Un Desperdicio
spotify:track:1O1VvCshhDw3XIOOcfLziL,"Rels B, Lia Kali",La Vida Sin Ti
spotify:track:16f4ZN6XOfrIO8fJkm28HM,"AYLIVA, Apache 207",Wunder
spotify:track:3QpDKVHmf9RDQkJbAUNWzI,Gustavo Moura & Rafael,Digitando
spotify:track:0YThXX1dqUpYBLyJNAsF9N,Yeat,If We Being R√´al
spotify:track:6brxvFu3c7du9SFzXcOw8S,MUSIC LAB JPN,Danza Kuduro - Cover
spotify:track:0163eXbLwh5dFhKa73n9wG,"Belinda, Natanael Cano",300 Noches
spotify:track:6EIMUjQ7Q8Zr2VtIUik4He,Henry Moodie,drunk text
spotify:track:2ZqTbIID9vFPTXaGyzbb4q,"Megan Thee Stallion, RM",Neva Play (feat. RM of BTS)
spotify:track:3K4HG9evC7dg3N0R9cYqk4,Linkin Park,One Step Closer
spotify:track:3ZOEytgrvLwQaqXreDs2Jx,Red Hot Chili Peppers,Can't Stop
spotify:track:6T0sEnqjmHISIKwFETeeiP,Taylor Swift,Suburban Legends (Taylor's Version) (From The Vault)
spotify:track:045ZeOHPIzhxxsm8bq5kyE,Taylor Swift,Out Of The Woods (Taylor's Version)
spotify:track:1hR8BSuEqPCCZfv93zzzz9,Taylor Swift,Welcome To New York (Taylor's Version)
spotify:track:6GXgd1BPD9bUpqw5AntGV5,Taylor Swift,All You Had To Do Was Stay (Taylor's Version)
spotify:track:3pv7Q5v2dpdefwdWIvE7yH,Taylor Swift,Shake It Off (Taylor's Version)
spotify:track:2vPMoMDXxu9uX1igWZmXSG,Taylor Swift,New Romantics (Taylor's Version)
spotify:track:2ByBBvpR9b7IynvRmnG7kG,Taylor Swift,Clean (Taylor's Version)
spotify:track:43y1WpBdnEy5TR9aZoSQL9,Taylor Swift,I Wish You Would (Taylor's Version)
spotify:track:64FzgoLZ3oXu2SriZblHic,Taylor Swift,Bad Blood (Taylor's Version)
spotify:track:75W3SngKzTuoQ94uLf3y82,Taylor Swift,How You Get The Girl (Taylor's Version)
spotify:track:2f0GI2ZLUtbGqFx8t2Gk6A,Taylor Swift,I Know Places (Taylor's Version)
spotify:track:2ve0kuaWUCt4Zx8x4bf1MR,Taylor Swift,Wonderland (Taylor's Version)
spotify:track:5QVVjX0ZItqlVpEuVCM9Yg,Taylor Swift,This Love (Taylor‚Äôs Version)
spotify:track:4UwqOWDpdeIDVQDuKT6iza,Taylor Swift,You Are In Love (Taylor's Version)
spotify:track:6qAcApH8obo8eqatCKUHd9,"Taylor Swift, Kendrick Lamar",Bad Blood (feat. Kendrick Lamar) (Taylor's Version)
spotify:track:79f5CcWzdkkDVD4XAIQgKr,Stray Kids,LALALALA
spotify:track:4NioO5R9sHEZh4cGzMHyNt,Taylor Swift,Say Don't Go (Taylor's Version) (From The Vault)
spotify:track:1hjRhYpWyqDpPahmSlUTlc,Taylor Swift,Style (Taylor's Version)
spotify:track:5XWlyfo0kZ8LF7VSyfS4Ew,aespa,Drama
spotify:track:1K39ty6o1sHwwlZwO6a7wK,Taylor Swift,Wildest Dreams (Taylor's Version)
spotify:track:2gkVEnpahpE3bQuvGuCpAV,Jung Kook,Yes or No
spotify:track:4oEf84vBYVftf6KmZexhVo,"Noah Kahan, Hozier",Northern Attitude (with Hozier)
spotify:track:45wMBGri1PORPjM9PwFfrS,Taylor Swift,Blank Space (Taylor's Version)
spotify:track:00ZKeP47bZtswtANkvxz2j,"Tropa do Bruxo, DJ Ws da Igrejinha, SMU, Triz, Mc Menor Thalis",Baile do Bruxo
spotify:track:6Es8Sk3xe1HiJ2MXCfHHwR,"Emilia, TINI",La_Original.mp3
spotify:track:5cF0dROlMOK5uNZtivgu50,Charlie Puth,Attention
spotify:track:5ONOlTiqymhzwcFjqcIT6E,Jung Kook,Hate You
spotify:track:3USu1p2lKTzoKFIRDeeJf8,Stray Kids,MEGAVERSE
spotify:track:0k0GtcnyQLMiXrdEDbLXmJ,"Jung Kook, DJ Snake",Please Don't Change (feat. DJ Snake)
spotify:track:7rbECVPkY5UODxoOUVKZnA,Kanye West,I Wonder
spotify:track:35D06z7kmwMmYYbyJ0BkSm,"Manu, Simone Mendes",Daqui pra Sempre
spotify:track:2Bs4jQEGMycglOfWPBqrVG,One Direction,Steal My Girl
spotify:track:5sjnkOfTLCLNfkkchI2re2,aespa,UP - KARINA Solo
spotify:track:2yR2sziCF4WEs3klW1F38d,Odetari,KEEP UP
spotify:track:1cZHUhGz7xJ8c4szDipipd,"Victor Mendivil, Oscar Maydon",Mejores Jordans
spotify:track:2afCBiru10AFckfOa49wIa,One Direction,You & I
spotify:track:1wubETHu3SeJHfbz9itEH0,Henrique & Juliano,√öltima Saudade - Ao Vivo
spotify:track:7EkWXAI1wn8Ii883ecd9xr,Surf Curse,Freaks
spotify:track:2gmd7lY3QSzLh0xIY4cRvi,"Maisak, Feid",SE ME OLVIDA
spotify:track:5oIVNm56t6OIf9ZjdEG3ud,Sabrina Carpenter,Coincidence
spotify:track:4gxEY3Mh5FZZDAJAKPNrCS,LE SSERAFIM,CRAZY
spotify:track:3iPIDAFybaoyqX7hvAfWkl,Sabrina Carpenter,Sharpest Tool
spotify:track:5qqabIl2vWzo9ApSC317sa,Oasis,Wonderwall - Remastered
spotify:track:0XkZmBCCcdMY0EPY8ij6Gb,Sabrina Carpenter,Slim Pickins
spotify:track:0UvCh63URrLFcPkKt99hHd,Oasis,Don't Look Back In Anger - Remastered
spotify:track:2gcMYiZzzmzoF8PPAfL3IO,Bernadya,"Untungnya, Hidup Harus Tetap Berjalan"
spotify:track:5VhvD0AKRprEaFtPNKGBQR,Sabrina Carpenter,Dumb & Poetic
spotify:track:5AnWrUzsrFgBvhn6dUElnr,"Sachin-Jigar, Amitabh Bhattacharya, Madhubanti Bagchi, Divya Kumar","Aaj Ki Raat (From ""Stree 2"")"
spotify:track:5kDgJffgJ0lYHTSiaXFWNw,The Kid LAROI,BABY I'M BACK
spotify:track:09LrGvT9KsACH66RHYMDyR,Sabrina Carpenter,Don‚Äôt Smile
spotify:track:587pEvJ7iJhNtcCf5YKEgE,El Padrinito Toys,Tal Vez Fui Yo
spotify:track:7l9Tq5phzkLnhWUyfp702G,"Kaique e Felipe, Luan Pereira",Saveiro
spotify:track:3TzANwXYkLsjIY9CT7prcL,"NATTAN, Z√© Felipe, O REI DA BATIDINHA",Patrai
spotify:track:5il0jwWUlvgtIzWvzJi12z,Sabrina Carpenter,Lie To Girls
spotify:track:3CRDbSIZ4r5MsZ0YwxuEkn,Twenty One Pilots,Stressed Out
spotify:track:5vNRhkKd0yEAg8suGBpjeY,"ROS√â, Bruno Mars",APT.
spotify:track:1cOboCuWYI2osTOfolMRS6,"Oscar Maydon, Fuerza Regida",Tu Boda
spotify:track:5G2f63n7IPVPPjfNIGih7Q,Sabrina Carpenter,Taste
spotify:track:1YdtGoSYDvVQKoUqSDXX41,"Tyler, The Creator",Noid
spotify:track:1QoyuMHNBe7lg3YW4Qtll4,"Tyler, The Creator, Daniel Caesar",St. Chroma (feat. Daniel Caesar)
spotify:track:3yDRcs0Y4pPzkvMbUfeF9H,LISA,Moonlit Floor (Kiss Me)
spotify:track:1Es7AUAhQvapIcoh3qMKDL,"The Weeknd, Playboi Carti",Timeless (with Playboi Carti)
spotify:track:7ne4VBA60CxGM75vw0EYad,Gracie Abrams,That‚Äôs So True
spotify:track:5RePVWy39tLpHH0WwXgBsK,"Tyler, The Creator",Rah Tah Tah
spotify:track:2CspwnypzT7rcWI9RfsoSb,JENNIE,Mantra
spotify:track:0VaeksJaXy5R1nvcTMh3Xk,"Tyler, The Creator, Teezo Touchdown","Darling, I (feat. Teezo Touchdown)"
spotify:track:1UHS8Rf6h5Ar3CDWRd3wjF,Sabrina Carpenter,Bed Chem
spotify:track:3tFed7YsjGnIfxeLEQwx3R,"Tyler, The Creator, GloRilla, Sexyy Red, Lil Wayne","Sticky (feat. GloRilla, Sexyy Red & Lil Wayne)"
spotify:track:2Qcbspnftnon37jibwyvMU,Jin,I'll Be There
spotify:track:6X6m4xmdFcz31p1h7Qg68c,Tito Double P,EL LOKERON
spotify:track:19KlZwqlT3fguP2BeHF1Q1,Lady Gaga,Disease
spotify:track:6MzofobZt2dm0Kf1hTThFz,Addison Rae,Diet Pepsi
spotify:track:0Sr7ssScx54yxdM2ols7nW,"Omar Courtz, De La Rose",Q U E V A S H A C E R H O Y ?
spotify:track:6s1kzj4EbhFLXbuAGJbhbn,"MC Tuto, DJ Glenner",Barbie
spotify:track:2PnlsTsOTLE5jnBnNe2K0A,Linkin Park,The Emptiness Machine
spotify:track:5lKFO0PrOC9jmOlPEdjHsL,"Tito Double P, Peso Pluma",DOS D√çAS
spotify:track:4nVBt6MZDDP6tRVdQTgxJg,One Direction,Story of My Life
spotify:track:3Umj02ZNl4d356pS1D38mn,"Tyler, The Creator",Hey Jane
spotify:track:2aYHxnMF2umAavtgBvmkY1,"Tyler, The Creator, ScHoolboy Q, Santigold",Thought I Was Dead (feat. ScHoolboy Q & Santigold)
spotify:track:0io16MKpbeDIdYzmGpQaES,Ndotz,Embrace It
spotify:track:6HrALJOMsfPCCbUo5cJCON,"Tito Double P, Chino Pacas",ESCAPATE
spotify:track:7Cnpb1vBbC46RgVyyKLH7p,aespa,Whiplash
spotify:track:6ie0uyyvOKTTuIFBMPiNIl,"Tyler, The Creator",Judge Judy
spotify:track:4BSR9I4ExlCJdXJo2GpBD5,"Tyler, The Creator, Daniel Caesar, LaToiya Williams",Take Your Mask Off (feat. Daniel Caesar & LaToiya Williams)
spotify:track:3GdwjAsCsoE79ObhsJFyYb,"Tyler, The Creator",I Killed You
spotify:track:0qeIFEGRQqHoaJtLCl0U73,"Myke Towers, benny blanco",DEGENERE üëë (feat. benny blanco)
spotify:track:4OLT65TRsOx3Iv1TlCcQVb,"Gabito Ballesteros, Natanael Cano, Luis R Conriquez, Neton Vega",Presidente
spotify:track:6jbYpRPTEFl1HFKHk1IC0m,"Tyler, The Creator, Lola Young",Like Him (feat. Lola Young)
spotify:track:7hR22TOX3RorxJPcsz5Wbo,Morgan Wallen,Love Somebody
spotify:track:21B4gaTWnTkuSh77iWEXdS,Sabrina Carpenter,Juno
spotify:track:3OJDtCdYs8QJnui708tEU3,Shakira,Soltera
spotify:track:4rMNgxEwGWoPHIUcvB5BrB,Bruno Mars,It Will Rain
spotify:track:3yw3m8wgRB4ptDyAvtdhq5,"Tyler, The Creator",Tomorrow
spotify:track:0eCajpR75pDW0r64U6hP2x,Anuv Jain,Jo Tum Mere Ho
spotify:track:6PhRhocBXP4y7NpciGmzra,"Cris Mj, FloyyMenor, LOUKI",Despu√©s De La 1
spotify:track:35D1RA5uVFVhMc1qX80TaQ,"Tyler, The Creator, Doechii",Balloon (feat. Doechii)
spotify:track:6thXB4RmajS4oZPNiBAKy0,Ray Parker Jr.,Ghostbusters
spotify:track:2c7z5oRcPBbqRaBY2mLWcf,Don Toliver,NEW DROP
spotify:track:6aJn7Cst74cj4lNIiPRgav,KATSEYE,Touch
spotify:track:3fgehc497TFqKH1zBL2YNK,Linkin Park,Heavy Is the Crown
spotify:track:4G2Hbfwvn3oH7LxxPXjjGn,Bruno Mars,Treasure
spotify:track:2lAUq68F2bt7Kc218n9FPp,"Tito Double P, Grupo Frontera",AY MAM√Å
spotify:track:2LlQb7Uoj1kKyGhlkBf9aC,Michael Jackson,Thriller
spotify:track:3NLnwwAQbbFKcEcV8hDItk,One Direction,Perfect
spotify:track:0pvZCv4JOS5WBu7JITYef6,"Tyler, The Creator",I Hope You Find Your Way Home
spotify:track:0xxZY5C9xxij3D1HkzbnfC,"Bobby ""Boris"" Pickett, The Crypt-Kickers",Monster Mash
spotify:track:3dj4wgM3cPeuLwMNHDuBon,Teddy Swims,The Door
spotify:track:102YUQbYmwdBXS7jwamI90,Sabrina Carpenter,Good Graces
spotify:track:54PbBpquVfhfrwRwvjSXbI,"Charlie Puth, Selena Gomez",We Don't Talk Anymore (feat. Selena Gomez)
spotify:track:13BDiikG6y5o5cQTK0HpW6,"W Sound, Blessd, Ovy On The Drums",Soltera - W Sound 01
spotify:track:0BiDnJFB3TlRB6aji7jUz3,Juli√≥n √Ålvarez y su Norte√±o Banda,Rey Sin Reina
spotify:track:63y2aL2dT6zzw8FOSLaNrp,The Citizens of Halloween,This Is Halloween
spotify:track:7J1uxwnxfQLu4APicE5Rnj,Michael Jackson,Billie Jean
spotify:track:6KYOlIwDHbrbeBbJEtQ0Fj,Creepy Nuts,„Ç™„Éà„Éé„Ç± - Otonoke
spotify:track:4ZOkfHC38nxSeSqzGE5HFr,Junior H,PI√âNSALO
spotify:track:6xcJyGpfZbuuiequtnlKt4,Travis Scott,BUTTERFLY EFFECT
spotify:track:4Yf5bqU3NK4kNOypcrLYwU,Linkin Park,Faint
spotify:track:1RMJOxR6GRPsBHL8qeC2ux,"Daniel Caesar, H.E.R.",Best Part (feat. H.E.R.)
spotify:track:4cluDES4hQEUhmXj6TXkSo,One Direction,What Makes You Beautiful
spotify:track:3jHdKaLCkuNEkWcLVmQPCX,"Tyler, The Creator",BEST INTEREST
spotify:track:75JFxkI2RXiU7L9VXzMkle,Coldplay,The Scientist
spotify:track:5JVbvCHX10U2pLa5DEqGav,Capital Cities,Safe and Sound
spotify:track:6I9VzXrHxO9rA9A5euc8Ak,Britney Spears,Toxic
spotify:track:6fxVffaTuwjgEk5h9QyRjy,Ed Sheeran,Photograph
spotify:track:2Lumsra3kuU61wXkEKzKaK,Surf Curse,Disco
spotify:track:0rKWJnmo6Q0ovoPOLoLm0t,"The Kid LAROI, Jung Kook, Central Cee",TOO MUCH
spotify:track:1xemKSmCnH59ze3KX5wwgH,Doja Cat,Demons
spotify:track:0t5cfOZxePTvuYXTywHzjH,"Lu√≠sa Sonza, Demi Lovato",Penhasco2
spotify:track:1mFpMoeZfkIqtqW2AfQ8ba,BLACKPINK,THE GIRLS - BLACKPINK THE GAME OST
spotify:track:79DPYZ6x8FfzgSgPoPhpC3,Nicki Minaj,Last Time I Saw You
spotify:track:54u86CmMqGI1rRuULlTqaB,Felipe Amorim,Toca o Trompete
spotify:track:3tNMdL4qjzNHfo7rlVMESK,M√•neskin,HONEY (ARE U COMING?)
spotify:track:7hU3IHwjX150XLoTVmjD0q,LISA,MONEY
spotify:track:4Z2i41GDQyu3KRpBavEnyR,Ana Castela,Solteiro For√ßado - Boiadeira Internacional
spotify:track:2plbrEY59IikOBgBGLjaoe,"Lady Gaga, Bruno Mars",Die With A Smile
spotify:track:7ov3TDp5D00Rnu5R1viX4w,"LISA, ROSAL√çA",New Woman (feat. ROSAL√çA)
spotify:track:5AH31dDNgxCMGDdxubNNn4,Fuerza Regida,NEL
spotify:track:0bPP5cDG1ZnbAVCEa3ZbQ1,Grelo,S√≥ F√©
spotify:track:7zOVh5fGpEwSbZd0g9z80B,Bernadya,Satu Bulan
spotify:track:2CIXO1jQbrV1hlfI7FUKld,"Post Malone, Tim McGraw",Wrong Ones (Feat. Tim McGraw)
spotify:track:41EOhpn50qvd8iZSKw531W,"Peso Pluma, Tito Double P",LOS CUADROS
spotify:track:0UYnhUfnUj5adChuAXvLUB,Gigi Perez,Sailor Song
spotify:track:42wdz3j7gstgUuhoFLCXqd,FloyyMenor,PELIGROSA
spotify:track:1mKXFLRA179hdOWQBwUk9e,"P!nk, Nate Ruess",Just Give Me a Reason (feat. Nate Ruess)
spotify:track:5eBk8ZXcd0pb0AO4a5PpOg,Sal Priadi,Gala bunga matahari
spotify:track:0lJNSfWnwJMIh94Dv9jQUt,Post Malone,What Don't Belong To Me
spotify:track:7w87IxuO7BDcJ3YUqCyMTT,Foster The People,Pumped Up Kicks
spotify:track:5QjmUqgpPQgXgg4606DqZF,Kapo,UWAIE
spotify:track:1SPI4AlK4121PEQPGSpdcY,"Post Malone, Chris Stapleton",California Sober (Feat. Chris Stapleton)
spotify:track:6IAZHEBUIGJ6NJKxxOBIEr,Adele,Rolling in the Deep
spotify:track:5ZLL6wYXeqg0k35ZkDRfhZ,"Post Malone, Blake Shelton",Pour Me A Drink (Feat. Blake Shelton)
spotify:track:0hhzNPE68LWLfgZwdpxVdR,"Gracie Abrams, Taylor Swift",us. (feat. Taylor Swift)
spotify:track:4IFd7EVCyJsUHesBMXI8ju,"Mustard, Travis Scott",Parking Lot
spotify:track:5UHK1rtK4MpBGb0KppIYh4,"Peso Pluma, Natanael Cano, Gabito Ballesteros",VINO TINTO
spotify:track:1YsU8rW2u8z4F0pwOBQ4Ea,Coldplay,feelslikeimfallinginlove - Single Version
spotify:track:2YFhqZvhTpyK13gKXMKV7R,"Charli xcx, Lorde","Girl, so confusing featuring lorde"
spotify:track:2aPTvyE09vUCRwVvj0I8WK,A$AP Rocky,Sundress
spotify:track:4aVuWgvD0X63hcOCnZtNFA,TOTO,Hold the Line
spotify:track:3PfIrDoz19wz7qK7tYeu62,Dua Lipa,Don't Start Now
spotify:track:4HlFJV71xXKIGcU3kRyttv,Train,"Hey, Soul Sister"
spotify:track:1TfqLAPs4K3s2rJMoCokcS,"Eurythmics, Annie Lennox, Dave Stewart",Sweet Dreams (Are Made of This) - 2005 Remaster
spotify:track:7tI8dRuH2Yc6RuoTjxo4dU,Jimin,Who
spotify:track:3WOhcATHxK2SLNeP5W3v1v,"Charli xcx, Billie Eilish",Guess featuring billie eilish
spotify:track:6WatFBLVB0x077xWeoVc2k,KAROL G,Si Antes Te Hubiera Conocido
spotify:track:62bOmKYxYg7dhrC6gH9vFn,*NSYNC,Bye Bye Bye - From Deadpool and Wolverine Soundtrack
spotify:track:5496lks6V3fh1mZAB6IAap,"Sevdaliza, Pabllo Vittar, Yseult",Alibi (with Pabllo Vittar & Yseult)
spotify:track:0OA00aPt3BV10qeMIs3meW,"Hanumankind, Kalmi",Big Dawgs
spotify:track:19RybK6XDbAVpcdxSbZL1o,Charli xcx,Apple
spotify:track:6vvPecFTmWxDfEJ6cYT1wa,LISA,Rockstar
spotify:track:2hrycoFU1mZw6YPvMcn8yC,Jordan Adetunji,KEHLANI
spotify:track:106vWgOc5xlj05wewZ2V4u,"¬•$, Kanye West, Ty Dolla $ign",FIELD TRIP
spotify:track:5b3XJ1pjrHO5JtY2PcTjnI,"Megan Thee Stallion, Yuki Chiba",Mamushi (feat. Yuki Chiba)
spotify:track:1fTjqf10accJCDYstPwwZ6,Kapo,Ohnana
spotify:track:4S1VYqwfkLit9mKVY3MXoo,Alphaville,Forever Young
spotify:track:57lsYy0OZLNb5OQ7fEa3Hs,"Ice Spice, Central Cee",Did It First (with Central Cee)
spotify:track:1XBYiRV30ykHw5f4wm6qEn,The Kid LAROI,NIGHTS LIKE THIS
spotify:track:2btNsI4OvcVl7SAHQQDHFB,"Blessd, Ovy On The Drums",M√≠rame
spotify:track:3LWVXp636uLT356Rj08Jaz,Jimin,Be Mine
spotify:track:2aYZaN5SmkRDLsrrV8GkBQ,"Peso Pluma, Neton Vega",LA PATRULLA
spotify:track:1k2pQc5i348DCHwbn5KTdc,Chappell Roan,Pink Pony Club
spotify:track:1imaIe1NEAaWnLF0BY0V6F,"Dionela, Jay R",sining (feat. Jay R)
spotify:track:5crxqqibcvoOQQgg4HjAFQ,"Post Malone, Luke Combs",Guy For That (Feat. Luke Combs)
spotify:track:0GqAWZe1A5ecKadZrHk6XH,Stray Kids,Chk Chk Boom
spotify:track:51rfRCiUSvxXlCSCfIztBy,Gracie Abrams,"I Love You, I'm Sorry"
spotify:track:4MSj19TwYBLgDFj3ddEeco,"Lost Frequencies, Tom Odell",Black Friday (pretty like the sun)
spotify:track:46IZ0fSY2mpAiktS3KOqds,Adele,Easy On Me
spotify:track:22DH8NChecsgPxDjA4pqer,"Quavo, Lana Del Rey",Tough
spotify:track:5jFA0f4ZDGLbQP4nxzL8D4,Lomiiel,HAY LUPITA
spotify:track:3WSOUb3U7tqURbBSgZTrZX,Chappell Roan,Casual
spotify:track:7Fzl7QaTu47WyP9R5S5mh5,Morgan Wallen,Lies Lies Lies
spotify:track:6GG4yyk3UATdBfTHVgI8PB,Luke Combs,Ain't No Love In Oklahoma (From Twisters: The Album)
spotify:track:3eekarcy7kvN4yt5ZFzltW,Travis Scott,HIGHEST IN THE ROOM
spotify:track:3GWUv0TDO5E3cHfsxYeptt,"Peso Pluma, Kenia OS",TOMMY & PAMELA
spotify:track:5iJKGpnFfvbjZJeAtwXfCj,Zach Bryan,28
spotify:track:3mfER4ORePHvN35cbZ3dkV,"Lost Frequencies, Calum Scott",Where Are You Now
spotify:track:47BBI51FKFwOMlIiX6m8ya,Backstreet Boys,I Want It That Way
spotify:track:4waqcUQWdj0yH26STWl2Rq,La Oreja de Van Gogh,Rosas
spotify:track:7Lfwb4IjZiNYGuqtP65kIc,"¬•$, Kanye West, Ty Dolla $ign",FRIED
spotify:track:1AIbZL0CDlzTJ1Bv4kBP4G,"¬•$, Kanye West, Ty Dolla $ign",SLIDE
spotify:track:2374M0fQpWi3dLnB54qaLX,TOTO,Africa
spotify:track:5lkpeJwmQKgY3bX2zChjxX,Adele,Someone Like You
spotify:track:5v1yAVGillOAN3yqJ6pmPL,"¬•$, Kanye West, Ty Dolla $ign",PROMOTION
spotify:track:2nMeu6UenVvwUktBCpLMK9,Lana Del Rey,Young And Beautiful
spotify:track:4BP3uh0hFLFRb5cjsgLqDh,Creedence Clearwater Revival,Fortunate Son
spotify:track:0ntQJM78wzOLVeCUAW7Y45,Kings of Leon,Sex on Fire
spotify:track:4kLLWz7srcuLKA7Et40PQR,Black Eyed Peas,I Gotta Feeling
spotify:track:0GjEhVFGZW8afUYGChu3Rr,ABBA,Dancing Queen
spotify:track:3nNmRE0DxHC6ZaKkrpUumS,"Bad Bunny, Young Miko",FINA
spotify:track:4qSEvFGCpde73gqIuq3sho,"Bad Bunny, Mora",HIBIKI
spotify:track:23d8v6tU6lR77pFKsApMtF,Bad Bunny,NADIE SABE
spotify:track:1YnChEM51BVZ5dRhbVFEMl,"Bad Bunny, Bryant Myers",SEDA
spotify:track:3NhstUmrlhaN1M6hP8zMbb,Bad Bunny,BABY NUEVA
spotify:track:1ODFVLQszq0hCOdZtqV5wq,Bad Bunny,MR. OCTOBER
spotify:track:01ppKlDRCmPpusO3yNrSRY,"Bad Bunny, Luar La L",TELEFONO NUEVO
spotify:track:4Jc7252S1P99DjQ1lNGEOc,Bad Bunny,CYBERTRUCK
spotify:track:1U3A66OHQyTu4N2QTMsP86,Bad Bunny,GRACIAS POR NADA
spotify:track:3TYOH7ta0101NYssoH5GlU,"Bad Bunny, YOVNGCHIMI",MERCEDES CAROTA
spotify:track:0rDQZJtSGgsB2rdkObpdFa,Bad Bunny,VOU 787
spotify:track:7ucEkWU0SVy0XFdfXESgfY,Bad Bunny,LOS PITS
spotify:track:4pcafPzLDSqQktqSpxHL3E,"Bad Bunny, Eladio Carrion",THUNDER Y LIGHTNING
spotify:track:1iLbUmb2b2btyAAcQ68a1p,"Bizarrap, Milo j","Milo J: Bzrp Music Sessions, Vol. 57"
spotify:track:39L3LdlHS3gqB62HPWaJRg,Bad Bunny,NO ME QUIERO CASAR
spotify:track:1C7lXfx4Y5maVl4AgUVlHA,"Bad Bunny, Arc√°ngel, De La Ghetto, √ëengo Flow",ACHO PR
spotify:track:4SW9gHnW8NfKOdqmh0ij45,"Bizarrap, Milo j",Fruto
spotify:track:3mRF0YNsDdFKFnxwg16hSz,Bad Bunny,VUELVE CANDY B
spotify:track:5qzLdvRViHUrRNdkpakG7C,Bad Bunny,BATICANO
spotify:track:6ZprqcYFC6D9eIZaCoqrSn,"Drake, Bad Bunny",Gently (feat. Bad Bunny)
spotify:track:5Eh1nj7IjV9lwpcKAkidyY,Troye Sivan,One Of Your Girls
spotify:track:6gcuJpHu0Ey30D5WR76y98,JENNIE,You & Me
spotify:track:3eP13S8D5m2cweMEg3ZDed,Drake,Virginia Beach
spotify:track:2BLdelIp46CHvKkyWeqZHL,juan karlos,ERE
spotify:track:6IPwKM3fUUzlElbvKw2sKl,girl in red,we fell in love in october
spotify:track:2Gk6fi0dqt91NKvlzGsmm7,"Offset, Travis Scott",SAY MY GRACE (feat. Travis Scott)
spotify:track:1JgknGBbrfmEHeOZH051SS,SUICIDAL-IDOL,ecstacy (slowed)
spotify:track:7F4tV8SiUy6itZTdAzdafO,Nadhif Basalamah,penjaga hati
spotify:track:6gMj2DzKR2PjrrbNSwcGFR,"Anuel AA, Quevedo, Maluma, Mambo Kingz, DJ Luian",OA
spotify:track:210JJAa9nJOgNa0YNrsT5g,"League of Legends, NewJeans",GODS
spotify:track:14kyXBpg91RVq8bNRDS1q2,Ariana Grande,true story
spotify:track:5cQX9BexkPIEESTZijJhXg,Ariana Grande,i wish i hated you
spotify:track:6XXKB32Om6WuXg3uEWwTob,Ariana Grande,imperfect for you
spotify:track:13jRSCLoWbCoU1XEdJRbgn,Ariana Grande,Saturn Returns Interlude
spotify:track:4mHM5d2fK3n8xgymjf92w2,"Ariana Grande, Nonna",ordinary things (feat. Nonna)
spotify:track:3QS9ZCtoSCJhmaJ7QNXSAS,"4batz, Drake",act ii: date @ 8 (feat. Drake) - remix
spotify:track:2K7xn816oNHJZ0aVqdQsha,The Neighbourhood,Softcore
spotify:track:1pnDvUuAEd6z8bKEsbAjk1,"Future, Metro Boomin",We Don't Trust You
spotify:track:3OxL6MuctgZp1e0zxoAZhH,"Future, Metro Boomin, The Weeknd",Young Metro
spotify:track:70ToiXlzl8N1EgfC07ZcZE,"Future, Metro Boomin",Ice Attack
spotify:track:5Jh1i0no3vJ9u4deXkb4aV,Olivia Rodrigo,so american
spotify:track:1Rweq7vNjK4kZBbGrmxQsl,Ariana Grande,bye
spotify:track:1whKKdtCiFjN7MW7DrIRUH,Zeynep Bastƒ±k,Lan
spotify:track:3RwWW7KeVhHGayYJgUL5eZ,Ariana Grande,eternal sunshine
spotify:track:2GLWhy9iiO1wrLUF5l4FtJ,"Future, Metro Boomin",Slimed In
spotify:track:57ELn9TPDIhrpl0dasS465,"Future, Metro Boomin",Claustrophobic
spotify:track:7pBcryEKcUEaWHwAu1wUyP,"Future, Metro Boomin",Magic Don Juan (Princess Diana)
spotify:track:4q7y1JFDBJSBSLqXVgcI51,"Future, Metro Boomin",Runnin Outta Time
spotify:track:2dYXrWkNO40NXy2Q3IYLRc,"Shakira, Cardi B",Punter√≠a
spotify:track:28xOPIPw0joNPwYd0asIT5,"Future, Metro Boomin",Fried (She a Vibe)
spotify:track:1ei3hzQmrgealgRKFxIcWn,Benson Boone,In The Stars
spotify:track:1xgWArLVFD1AKsLzftZYc2,"Oscar Maydon, Gabito Ballesteros, Chino Pacas",Elvira
spotify:track:142PiXzA84lmEw2RstFHFa,Ariana Grande,supernatural
spotify:track:48vIfHaK7by6x0T6ucpODL,Madison Beer,Make You Mine
spotify:track:3Vg7nPYlOrCkcV1abKbRQ1,"Future, Metro Boomin, Rick Ross",Everyday Hustle
spotify:track:0o3ua5ufFK7nfRzbDUNoGA,Ariana Grande,don't wanna break up again
spotify:track:2J2Z1SkXYghSajLibnQHOa,Sia,Unstoppable
spotify:track:0bYg9bo50gSsH3LtXe2SQn,Mariah Carey,All I Want for Christmas Is You
spotify:track:06qMRF18gwbOYYbnP2du6i,Wham!,Last Christmas - Single Version
spotify:track:2EjXfH91m7f8HiJN1yQg97,Brenda Lee,Rockin' Around The Christmas Tree
spotify:track:6TkXViJUO3SA6FMcrNwlD9,Bobby Helms,Jingle Bell Rock
spotify:track:0lizgQ7Qw35od7CYaoMBZb,Ariana Grande,Santa Tell Me
spotify:track:1rv46mRwDqMEhOBZ7vODg3,Michael Bubl√©,It's Beginning to Look a Lot like Christmas
spotify:track:1IcR6RlgvDczfvoWJSSY2A,Andy Williams,It's the Most Wonderful Time of the Year
spotify:track:2uFaJJtFpPDc5Pa95XzTvg,Dean Martin,Let It Snow! Let It Snow! Let It Snow!
spotify:track:7uoFMmxln0GPXQ0AcCBXRq,Sia,Snowman
spotify:track:3nAp4IvdMPPWEH9uuXFFV5,Kelly Clarkson,Underneath the Tree
spotify:track:6tjituizSxwSmBB5vtgHZE,Michael Bubl√©,Holly Jolly Christmas
spotify:track:3qCeq0rWK67SoBDgFd2sId,Jos√© Feliciano,Feliz Navidad
spotify:track:7fUYUcWy853HS8YJn0b3Sr,The Ronettes,Sleigh Ride
spotify:track:7xapw9Oy21WpfEcib2ErSA,Justin Bieber,Mistletoe
spotify:track:27RYrbL6S02LNVhDWVl38b,"John Lennon, Yoko Ono",Happy Xmas (War Is Over) - Remastered 2010
spotify:track:77khP2fIVhSW23NwxrRluh,Burl Ives,A Holly Jolly Christmas
spotify:track:4kKdvXD0ez7jp1296JmAts,"Frank Sinatra, B. Swanson Quartet",Let It Snow! Let It Snow! Let It Snow! (with The B. Swanson Quartet)
spotify:track:5humEOJehpAwMJEJmb0JJ2,Nat King Cole,The Christmas Song (Merry Christmas To You)
spotify:track:1SV1fxF65n9NhRHp3KlBuu,Paul McCartney,Wonderful Christmastime - Edited Version / Remastered 2011
spotify:track:2TE4xW3ImvpltVU0cPcKUn,Shakin' Stevens,Merry Christmas Everyone
spotify:track:27qAMKrDdKEs8HDXcvR24R,Chris Rea,Driving Home for Christmas - 2019 Remaster
spotify:track:2pXpURmn6zC5ZYDMms6fwa,"Perry Como, The Fontane Sisters, Mitchell Ayres & His Orchestra",It's Beginning to Look a Lot Like Christmas (with Mitchell Ayres & His Orchestra)
spotify:track:4Yg2w0P29BBBMixyeNjDtj,Band Aid,Do They Know It's Christmas? - 1984 Version
spotify:track:4so0Wek9Ig1p6CRCHuINwW,Bing Crosby,White Christmas
spotify:track:3bH2Eu9A9ymI4UnGHRmoXg,"Ed Sheeran, Elton John",Merry Christmas
spotify:track:47ohYW8e7dxCYn9qbUMBCI,Darlene Love,Christmas (Baby Please Come Home)
spotify:track:4HEOgBHRCExyYVeTyrXsnL,Frank Sinatra,Jingle Bells - Remastered 1999
spotify:track:3QiAAp20rPC3dcAtKtMaqQ,Elvis Presley,Blue Christmas
spotify:track:1foCxQtxBweJtZmdxhEHVO,"Eartha Kitt, Henri Ren√© and His Orchestra",Santa Baby (with Henri Ren√© & His Orchestra)
spotify:track:2O3MQ6H3gjrIWDcpeTrikT,"Kelly Clarkson, Ariana Grande","Santa, Can‚Äôt You Hear Me"
spotify:track:2pnPe4pJtq7689i5ydzvJJ,Chuck Berry,Run Rudolph Run
spotify:track:5xlS0QkVrSH7ssEbBgBzbM,The Beach Boys,Little Saint Nick - 1991 Remix
spotify:track:0YWUHZPJVg4iujddsJDwhM,Britney Spears,My Only Wish (This Year)
spotify:track:0rHToGels2lt8Y0mCYoF90,Nat King Cole,Deck The Hall
spotify:track:3PIDciSFdrQxSQSihim3hN,Mariah Carey,Christmas (Baby Please Come Home)
spotify:track:3VTNVsTTu05dmTsVFrmGpK,"The Pogues, Kirsty MacColl",Fairytale of New York (feat. Kirsty MacColl)
spotify:track:3QIoEi8Enr9uHffwInGIsC,Eagles,Please Come Home for Christmas - 2013 Remaster
spotify:track:4ApCig0GTR4IEp7Ijsyo3r,"Manan Bhardwaj, Bhupinder Babbal",Arjan Vailly
spotify:track:6a1hzBiTkgqTsDA0Xgfh9z,The Jackson 5,Santa Claus Is Coming To Town
spotify:track:1N1ZpYUJc9fwrqk53FGgWv,Sia,Santa's Coming for Us
spotify:track:550rQQCGkrTzvp4SfpOPzx,Pentatonix,Hallelujah
spotify:track:11P4sSu6BH2lAbWk1sL6cK,Elton John,Step Into Christmas - Remastered 1995
spotify:track:1OjmlSFuzYflWjSMTCyTJv,Jonas Brothers,Like It's Christmas
spotify:track:2mvabkN1i2gLnGAPUVdwek,Taylor Swift,Christmas Tree Farm
spotify:track:6s2wpWPFPAgKg2LXxi1Oee,Bruce Springsteen,"Santa Claus Is Comin' to Town - Live at C.W. Post College, Greenvale, NY - December 1975"
spotify:track:1LmkdWSxjCV7wKTPsCvYWN,Laufey,Winter Wonderland - Spotify Singles Holiday
spotify:track:5ZJGv7aGdIr9IGpxzSG18T,"Nicki Minaj, Lil Uzi Vert",Everybody (feat. Lil Uzi Vert)
spotify:track:4I4G0LD277PWvfblYtSf91,"Nicki Minaj, Drake",Needle (feat. Drake)
spotify:track:5KD6AEm19QnMbfWpfoOHMl,Taylor Swift,Now That We Don't Talk (Taylor's Version) (From The Vault)
spotify:track:6yzNzQxqsIY3zRsTwzLI3v,"Bing Crosby, The Andrews Sisters",Mele Kalikimaka - New mono-to-stereo mix
spotify:track:3cDyocF0Ibdfs1SFQk5cLZ,Darell,Lollipop
spotify:track:3zSSCPpLZ5Oc8nelhhGjKz,AUR,Tu hai kahan
spotify:track:2OQ6a4CfUeYskpTTgyawyJ,"Gwen Stefani, Blake Shelton",You Make It Feel Like Christmas (feat. Blake Shelton)
spotify:track:2xGO2UjzxeVQSIkyg98vck,Queen,Thank God It's Christmas - Non-Album Single
spotify:track:6pVW5LRWgeLaHudxauOTJU,Daryl Hall & John Oates,Jingle Bell Rock - Daryl's Version
spotify:track:2OWv3lRR8PtOVuHWzQNRs2,"Peso Pluma, Junior H, Oscar Maydon",ROMPE LA DOMPE
spotify:track:1a73gcEg6h6Re6hHXoVltJ,Nicki Minaj,FTCU
spotify:track:17cia5k4BpGVlyEfqrFH50,Olivia Rodrigo,Can‚Äôt Catch Me Now - from The Hunger Games: The Ballad of Songbirds & Snakes
spotify:track:7yDHHVKLbvDmVw1XXhDDIO,"Vishal Mishra, Raj Shekhar",Pehle Bhi Main
spotify:track:0TL0LFcwIBF5eX7arDIKxY,Anuv Jain,Husn
spotify:track:00rxTS5TKv3oXpDA6nWfBi,"thinandbruised, gauthydies4u, 2hot4tv",Maria Mariah
spotify:track:2kz1YOhJiNubjigR1gB1VX,Rauw Alejandro,DILUVIO
spotify:track:74X2u8JMVooG2QbjRxXwR8,LE SSERAFIM,Perfect Night
spotify:track:3CWq0pAKKTWb0K4yiglDc4,Taylor Swift,You‚Äôre Losing Me (From The Vault)
spotify:track:2IDf0IZ9dfw0uDYV2n1bJc,"Luan Santana, Ana Castela",DEJA VU
spotify:track:7aqfrAY2p9BUSiupwk3svU,"Drake, J. Cole",First Person Shooter (feat. J. Cole)
spotify:track:1TEKUj8c5iyRNUUxo9SdSD,"Xavi, Tony Aguirre",Modo DND
spotify:track:0cGpKQ8RxxLOFqhktEURIj,"UMI, V",wherever u r (ft. V of BTS)
spotify:track:1v7L65Lzy0j0vdpRjJewt1,Eminem,Lose Yourself
spotify:track:3DK6m7It6Pw857FcQftMds,"Kanye West, Pusha T",Runaway
spotify:track:3k6q0O9JnO2GhvD6C8fs20,Jimin,Closer Than This
spotify:track:71BqAINEnezjQfxE4VuJfq,Taylor Swift,"""Slut!"" (Taylor's Version) (From The Vault)"
spotify:track:7yIIeKUxTpn36X6CFJhgEi,"Bellakath, Dani Flow",Reggaeton Champagne
spotify:track:3IznIgmXtrUaoPWpQTy5jB,TV Girl,Not Allowed
spotify:track:6VObnIkLVruX4UVyxWhlqm,Adele,Skyfall
spotify:track:3yHyiUDJdz02FZ6jfUbsmY,"Arijit Singh, Shreyas Puranik, Siddharth - Garima","Satranga (From ""ANIMAL"")"
spotify:track:1RzjXhgnzqb3dMa5852itx,"Peso Pluma, Tito Double P",LA PEOPLE
spotify:track:0cVyQfDyRnMJ0V3rjjdlU3,Paul Russell,Lil Boo Thang
spotify:track:7FIWs0pqAYbP91WWM0vlTQ,"Eminem, Juice WRLD",Godzilla (feat. Juice WRLD)
spotify:track:4zfQER4owi8q6NL8Gg63Ya,Fuerza Regida,CRAZYZ
spotify:track:2sYFUcurlISdHlAsnYCEgD,Lauana Prado,Me Leva Pra Casa / Escrito Nas Estrelas / Saudade - Ao Vivo
spotify:track:1oFAF1hdPOickyHgbuRjyX,"The Weeknd, Ariana Grande",Save Your Tears (Remix) (with Ariana Grande) - Bonus Track
spotify:track:3FvTHuefYV6TxE3Kseqno8,"Gabito Ballesteros, Natanael Cano",LOU LOU
spotify:track:0lYBSQXN6rCTvUZvg9S0lU,"DJ Snake, Justin Bieber",Let Me Love You
spotify:track:127UT7AiWflJwjXWUBBVTQ,Natanael Cano,O Me Voy O Te Vas
spotify:track:5N3hjp1WNayUPZrA8kJmJP,Sabrina Carpenter,Please Please Please
spotify:track:6dOtVTDdiauQNBQEDOtlAB,Billie Eilish,BIRDS OF A FEATHER
spotify:track:5AJ9hqTS2wcFQCELCFRO7A,Tommy Richman,MILLION DOLLAR BABY
spotify:track:2HYFX63wP3otVIvopRS99Z,Eminem,Houdini
spotify:track:7221xIgOnuakPdLqT0F3nP,"Post Malone, Morgan Wallen",I Had Some Help (Feat. Morgan Wallen)
spotify:track:629DixmZGHc7ILtEntuiWE,Billie Eilish,LUNCH
spotify:track:6AI3ezQ4o3HUoP6Dhudph3,Kendrick Lamar,Not Like Us
spotify:track:1pymWRCuZfCd0zdiBJo0Hj,Trueno,REAL GANGSTA LOVE
spotify:track:7BRD7x5pt8Lqa1eGYC4dzj,Billie Eilish,CHIHIRO
spotify:track:3Vr3zh0r7ALn8VLqCiRR10,Myles Smith,Stargazing
spotify:track:7iabz12vAuVQYyekFIWJxD,"Central Cee, Lil Baby",BAND4BAND (feat. Lil Baby)
spotify:track:4ZJ4vzLQekI0WntDbanNC7,Zach Bryan,Pink Skies
spotify:track:5Uptvz6j1sjDKxidAcnH2L,Cris Mj,SI NO ES CONTIGO
spotify:track:63pLfjK6FvcYJYMGwtHjd6,Feid,SORRY 4 THAT MUCH
spotify:track:3QaPy1KgI7nu9FJEQUgn6h,Billie Eilish,WILDFLOWER
spotify:track:33Nj9AdncSmHbCN3QeSZTL,"Oscar Maydon, Junior H",Volver Al Futuro
spotify:track:2prqm9sPLj10B4Wg0wE5x9,Billie Eilish,BLUE
spotify:track:6fPan2saHdFaIHuTSatORv,Billie Eilish,L‚ÄôAMOUR DE MA VIE
spotify:track:2nRMW95dnOILirpjbksLTs,Jung Kook,Never Let Go
spotify:track:5MPi9e7z46wopyad10R6qx,Gracie Abrams,Close To You
spotify:track:0LZy30mVmxqUpdQmaXKXBd,"Myke Towers, Bad Bunny",ADIVINO
spotify:track:6NjWCIYu1W8xa3HIvcIhd4,Tinashe,Nasty
spotify:track:5Y35SjAfXjjG0sFQ3KOxmm,SZA,Nobody Gets Me
spotify:track:5RKQ5NdjSh2QzD4MaunT91,Journey,Don't Stop Believin' (2022 Remaster)
spotify:track:1aHy1ipWQRNauI0ee9uYfi,Lithe,Fall Back
spotify:track:4xdBrk0nFZaP54vvZj0yx7,Chappell Roan,HOT TO GO!
spotify:track:6i8MbzVn4nzyjUcSoVcz7B,aespa,Armageddon
spotify:track:7FOgcfdz9Nx5V9lCNXdBYv,Chappell Roan,Red Wine Supernova
spotify:track:5zCnGtCl5Ac5zlFHXaZmhy,"Ram Sampath, Arijit Singh, Prashant Pandey","Sajni (From ""Laapataa Ladies"")"
spotify:track:77DRzu7ERs0TX3roZcre7Q,Kendrick Lamar,euphoria
spotify:track:4sgMbwl9lXGyHcHmtFYGMm,aespa,Supernova
spotify:track:0FDzzruyVECATHXKHFs9eJ,Coldplay,A Sky Full of Stars
spotify:track:4w2GLmK2wnioVnb5CPQeex,Charli xcx,360
spotify:track:6RjSXi9cPGroetXeNsWFGL,"DJ TOPO, Seu Jorge, Mc Leozin, MC G15",MTG QUEM N√ÉO QUER SOU EU
spotify:track:6TGd66r0nlPaYm3KIoI7ET,Billie Eilish,THE GREATEST
spotify:track:6jlG8gBPNAgBgoivw2Ig09,Tommy Richman,DEVIL IS A LIE
spotify:track:2jPCbFrFlyGbKgblxub8Lm,The Outfield,Your Love
spotify:track:106SKHXoytRADjpxHBkJpV,"dj sv, Doug Hits, Manim Vaqueiro",Mtg Forr√≥ e Desmantelo
spotify:track:4QNpBfC0zvjKqPJcyqBy9W,"Pitbull, AFROJACK, Ne-Yo, Nayer",Give Me Everything (feat. Nayer)
spotify:track:4Na2HfNSr58chvfX69fy36,Gunna,one of wun
spotify:track:1BJJbSX6muJVF2AK7uH1x4,"Adam Port, Stryv, Keinemusik, Orso, Malachiii",Move
spotify:track:2ADSh3Mp744n2586tpUtIW,Maki,Dilaw
spotify:track:4yyCGGdTVaYG17vhsrUPoL,"FloyyMenor, Lewis Somes",APAGA EL CEL
spotify:track:4kbj5MwxO1bq9wjT5g9HaA,WALK THE MOON,Shut Up and Dance
spotify:track:0PHrcmOtDE89ew4vVEaD7S,Don Toliver,BANDIT
spotify:track:7ldcYtMOjtX1eFVEYzj2kJ,"Lu√≠sa Sonza, KayBlack",Sagrado Profano
spotify:track:4MXzdffMz78GLlLM7mDa9v,Luke Combs,The Man He Sees in Me
spotify:track:6BpZpCM8d8FJnVnr1IbnFL,"Alvaro Diaz, Feid",GATITAS SANDUNGUERAS - VOL.1
spotify:track:7fveJ3pk1eSfxBdVkzdXZ0,"Morgan Wallen, ERNEST",Cowgirls (feat. ERNEST)
spotify:track:3dPQuX8Gs42Y7b454ybpMR,The White Stripes,Seven Nation Army
spotify:track:1LLUoftvmTjVNBHZoQyveF,Billie Eilish,THE DINER
spotify:track:38tXZcL1gZRfbqfOG0VMTH,NewJeans,How Sweet
spotify:track:5TXDeTFVRVY7Cvt0Dw4vWW,XXXTENTACION,Revenge
spotify:track:1DIXPcTDzTj8ZMHt3PDt8p,"Coolio, L.V.",Gangsta's Paradise
spotify:track:2SiXAy7TuUkycRVbbWDEpo,AC/DC,You Shook Me All Night Long
spotify:track:3yfqSUWxFvZELEM4PmlwIR,Eminem,The Real Slim Shady
spotify:track:1CsMKhwEmNnmvHUuO5nryA,Billie Eilish,SKINNY
spotify:track:6YUTL4dYpB9xZO5qExPf05,Calvin Harris,Summer
spotify:track:2OzhQlSqBEmt7hmkYxfT6m,"Taylor Swift, Post Malone",Fortnight (feat. Post Malone)
spotify:track:2F3N9tdombb64aW6VtZOdo,Taylor Swift,Down Bad
spotify:track:3Vevii7qKqrmW8CcyzBHDl,Taylor Swift,"So Long, London"
spotify:track:4q5YezDOIPcoLr8R81x9qy,Taylor Swift,I Can Do It With a Broken Heart
spotify:track:3NMrVbIVWT3fPXBj0rNDKG,Taylor Swift,The Tortured Poets Department
spotify:track:2XXwLdtuAcE0HSCu61ijAb,Taylor Swift,My Boy Only Breaks His Favorite Toys
spotify:track:5og4Qzt92jJzVDkOtSEilb,Taylor Swift,But Daddy I Love Him
spotify:track:3ZVFcD8Wlw9T9klGqmJf9F,"Taylor Swift, Florence + The Machine",Florida!!! (feat. Florence + The Machine)
spotify:track:36t6frENUtCYKuZus6aYDO,Taylor Swift,Who‚Äôs Afraid of Little Old Me?
spotify:track:0W0iAC1VGlB82PI6elxFYf,Taylor Swift,Guilty as Sin?
spotify:track:3fO566xJgwxIa3qGCGBvIC,Taylor Swift,Fresh Out The Slammer
spotify:track:6RSG1dKPV5gEvILwJb4QtS,Taylor Swift,loml
spotify:track:2v1ivOOsgn64g5OywuH55L,Taylor Swift,The Smallest Man Who Ever Lived
spotify:track:1dhMTsEZz6ZEquGvmzVoHn,Taylor Swift,The Alchemy
spotify:track:2h3MDMf8sd9s4XIzpTBIjX,Taylor Swift,I Can Fix Him (No Really I Can)
spotify:track:1UlhrRvYzbHEyugEDspXUB,Taylor Swift,Clara Bow
spotify:track:62E2nR0od0M5HYxuYLaDz7,Taylor Swift,The Black Dog
spotify:track:3eh51r6rFWAlGQRlHx9QnQ,Drake,Push Ups
spotify:track:1kcwpPDQnqEqmezzXdJTCP,Taylor Swift,imgonnagetyouback
spotify:track:7Mts0OfPorF4iwOomvfqn1,Taylor Swift,So High School
spotify:track:7ogK4lJDVDMU6A6vYR5rvD,Taylor Swift,thanK you aIMee
spotify:track:4EF6IyONolQy0bIQXm2EmX,Taylor Swift,The Albatross
spotify:track:18WFFUIsewmA8g31KAeo3e,Taylor Swift,The Prophecy
spotify:track:5Bedn0svl0ZD7RGmJkmKKw,Taylor Swift,How Did It End?
spotify:track:1rmEsOezwf2lmIZTMAO5Ag,Taylor Swift,Chloe or Sam or Sophia or Marcus
spotify:track:3hlGuz3loYoLfI3bpwieWq,Taylor Swift,I Hate It Here
spotify:track:5bi0gh89wRuH2OgjdAKFsb,"Rvssian, Rauw Alejandro, Ayra Starr",Santa
spotify:track:1Zai5UJ2di3qEuR2HeT2s8,Taylor Swift,I Look in People's Windows
spotify:track:3zMDGj4D8ogaYgAIZPeU7S,Taylor Swift,Peter
spotify:track:0g4fMVo4JjwnIpTfFfLdxS,Taylor Swift,Cassandra
spotify:track:2913xXOVAIDAqxzV2g4VcU,Taylor Swift,The Bolter
spotify:track:1DTRUYVd8rYpla9hhVVwjo,Taylor Swift,The Manuscript
spotify:track:2CnjDMdpRjlWv04Xk3s6MW,Taylor Swift,Robin
spotify:track:3GD6eImRvT0zgr8cQnokUq,"Bhavi, Seven Kayne, Milo j, Tiago PZK, KHEA, Neo Pistea","BESAME (feat. Tiago PZK, Khea & Neo Pistea) - Remix"
spotify:track:5oYVxFt2k4SkVp6wzVsFWN,"Sevdaliza, Villano Antillano, Tokischa","Ride Or Die, Pt. 2 (with Villano Antillano & Tokischa)"
spotify:track:1cIS13bqNfZcTs8LSK8r0a,Felipe e Rodrigo,Gosta De Rua - Ao Vivo
spotify:track:53dtP2iUMvaF28JZcHnFuU,Olivia Rodrigo,logical
spotify:track:6W9l02gRsXVxzIuQC1oc1X,Olivia Rodrigo,pretty isn‚Äôt pretty
spotify:track:7fesNTgTEMEH0ye8MOgEDY,Olivia Rodrigo,teenage dream
spotify:track:43eRVwfXFkY3kXN4K47gNT,Lu√≠sa Sonza,Chico
spotify:track:7pgbDdy7ax962o9d2xJceV,V,Slow Dancing (Piano Ver.)
spotify:track:2UU11hvjN1JIn4iihEodNT,V,Blue
spotify:track:4HAOgAnILvXCbSODMoRnmD,V,For Us
spotify:track:4YQImHflXSiIMXntcwPkx8,"Cardi B, Megan Thee Stallion",Bongos (feat. Megan Thee Stallion)
spotify:track:3wlIAXSDtlD9iU8ysld06Z,"Peso Pluma, Jasiel Nu√±ez, Junior H",BIPOLAR
spotify:track:78Du4CMFgnhdlG33gblkiP,Oliver Anthony Music,Rich Men North of Richmond
spotify:track:43iIQbw5hx986dUEZbr3eN,Laufey,From The Start
spotify:track:0xIuPDzJSnJywALez8dwKR,AP Dhillon,With You
spotify:track:5L3ecxQnQ9qTBmnLQiwf0C,"Travis Scott, Bad Bunny, The Weeknd",K-POP
spotify:track:4pCbJC43j3gSqG6Fen6upD,"Zach Bryan, The War And Treaty",Hey Driver (feat. The War and Treaty)
spotify:track:5HR7yfhSCeoOHRQN05XnZQ,"Grupo Frontera, Carin Leon",QUE VUELVAS
spotify:track:4eBvRhTJ2AcxCsbfTUjoRp,Shubh,Cheques
spotify:track:5wANPM4fQCJwkGd4rN57mH,Olivia Rodrigo,drivers license
spotify:track:7x9aauaA9cu6tyfpHnqDLo,"Jung Kook, Latto",Seven (feat. Latto)
spotify:track:3IX0yuEVvDbnqUwMBB3ouC,Olivia Rodrigo,bad idea right?
spotify:track:3xMHXmedL5Rvfxmiar9Ryv,"Anirudh Ravichander, Arijit Singh, Shilpa Rao, Kumaar",Chaleya
spotify:track:2gyxAWHebV7xPYVxqoi86f,Olivia Rodrigo,get him back!
spotify:track:3RaCGXCiiMufRPoexXxGkV,"Drake, SZA",Slime You Out (feat. SZA)
spotify:track:5h1BN75CEh8wdSwE1xrbSe,V,Slow Dancing
spotify:track:6irysuQyZWd7Bjj7ePiOs2,JHAYCO,Holanda
spotify:track:63ui2w3QJBp8xx0c1MJB2Z,Bad Bunny,UN PREVIEW
spotify:track:5wjsJIUf6pdrwauPDae43o,"Shakira, Fuerza Regida",El Jefe
spotify:track:5PUXKVVVQ74C3gl5vKy9Li,"Jasleen Royal, Arijit Singh, Dulquer Salmaan",Heeriye (feat. Arijit Singh)
spotify:track:2TJKY0WSFufZOzbRNgl6zE,"Alex Favela, Grupo Marca Registrada, Joaquin Medina",ELOVRGA
spotify:track:34sOdxWu9FljH84UXdRwu1,Olivia Rodrigo,all-american bitch
spotify:track:4sDpxaulErbJ9NBaJDC7cJ,"Quevedo, SAIKO",Buenas
spotify:track:0J9g1MMJDhyvOb3NWckHMm,"Bad Gyal, Tokischa, Young Miko",Chulo pt.2
spotify:track:1fvC3CmNAbsx0V9ULMU8NB,"Zach Bryan, Noah Kahan",Sarah's Place (feat. Noah Kahan)
spotify:track:2InS5VWKJQbsFBKOsf1cJB,"Dj GBR, Mc IG, MC Ryan SP, MC PH, Mc Davi, Mc Luki, Mc Don Juan, Mc Kadu, TrapLaudo, MC GP, MC GH do 7",Let's Go 4
spotify:track:3Nl5OkkmS5DaBZvuYofpAt,Olivia Rodrigo,the grudge
spotify:track:0QRHOAeU8JRaVVn3UoZBih,"Mora, SAIKO",REINA
spotify:track:67nepsnrcZkowTxMWigSbb,"Travis Scott, Drake",MELTDOWN (feat. Drake)
spotify:track:1i9lZvlaDdWDPyXEE95aiq,"Travis Scott, SZA, Future",TELEKINESIS (feat. SZA & Future)
spotify:track:2hn2zOA2XFlv6DSmesylrL,"Ryan Castro, Peso Pluma, SOG",QUEMA
spotify:track:4kRLRWnn5u9wO2wOKAAdEN,"Bibi Babydoll, Dj Brunin XM, KZA Produ√ß√µes",Automotivo Bibi Fogosa
spotify:track:3xIMkM5LgbVDkpO74O3Np3,Troye Sivan,Rush
spotify:track:1z9kQ14XBSN0r2v6fx4IdG,Rihanna,Diamonds
spotify:track:3XIXklO3e0uWUAUkOR7NLI,"Luan Pereira, Mc Daniel, MC Ryan SP",DENTRO DA HILUX
spotify:track:5ydjxBSUIDn26MFzU3asP4,V,Rainy Days
spotify:track:21jGcNKet2qwijlDFuPiPb,Post Malone,Circles
spotify:track:6QT6j7rKt7Vk3IuV2AUO9W,Olivia Rodrigo,lacy
spotify:track:0BFQC00Y58JtjMyTXOJazO,KAROL G,S91
spotify:track:41WQUSINanQHfhfKpFDsms,Miley Cyrus,Used To Be Young
spotify:track:2J6OF7CkpdQGSfm1wdclqn,Brent Faiyaz,Clouded
spotify:track:6iF4RgIjDvDqyW13PezSj3,Selena Gomez,Single Soon
spotify:track:26QLJMK8G0M06sk7h7Fkse,Olivia Rodrigo,love is embarrassing
spotify:track:0sfk352FO8bJUjWjIsyzSR,Mora,DONDE SE APRENDE A QUERER?
spotify:track:0ofHAoxe9vBkTCp2UQIavz,Fleetwood Mac,Dreams - 2004 Remaster
spotify:track:64CovjRwInpOJW4PiGMprY,"MC Kevin o Chris, Dj Nk Da Serra, Mc Magrinho",Faz um Vuk Vuk (Teto Espelhado)
spotify:track:4Zj2uX6ApCFK9XzjwIhCIr,"Zach Bryan, Bon Iver",Boys Of Faith (feat. Bon Iver)
spotify:track:5CscrLqFBgPfZR8fGtikov,Olivia Rodrigo,making the bed
spotify:track:6XsFgTG4dY768oIB4Dmeu0,Ghea Indrawari,Jiwa Yang Bersedih
spotify:track:5VxmI3IdgAxWVvUnJoLuY2,Charli xcx,Speed Drive (From Barbie The Album)
spotify:track:5sp71CUt0jXRNqHblPGp7b,Olivia Rodrigo,ballad of a homeschooled girl
spotify:track:2GxrNKugF82CnoRFbQfzPf,Artemas,i like the way you kiss me
spotify:track:0AjmK0Eai4zGrLaJwPvrDp,Hozier,Too Sweet
spotify:track:51ZQ1vr10ffzbwIjDCwqm4,Ariana Grande,we can't be friends (wait for your love)
spotify:track:2qSkIjg1o9h3YT9RAgYN75,Sabrina Carpenter,Espresso
spotify:track:2tudvzsrR56uom6smgOcSf,"Future, Metro Boomin, Kendrick Lamar",Like That
spotify:track:1aKvZDoLGkNMxoRYgkckZG,ILLIT,Magnetic
spotify:track:2uqYupMHANxnwgeiXTZXzd,Dasha,Austin (Boots Stop Workin')
spotify:track:5LhI8m7n8xlQmNe3b7Rwis,"Natanael Cano, Oscar Maydon",Madonna
spotify:track:2DbV9TSdeGr5FobCFDRzvq,"Bizarrap, Natanael Cano","Natanael Cano: Bzrp Music Sessions, Vol. 59"
spotify:track:59xD5osEFsaNt5PXfIKUnX,Dua Lipa,Illusion
spotify:track:0dEAiKNbHt4mrjjoiL0loc,Xavi,Coraz√≥n de Piedra
spotify:track:28drn6tQo95MRvO0jQEo5C,"Future, Metro Boomin, Travis Scott, Playboi Carti",Type Shit
spotify:track:7sVbKoBdhXtYCEOO6qC1SN,"Future, Metro Boomin, The Weeknd",We Still Don't Trust You
spotify:track:5uQ7de4EWjb3rkcFxyEOpu,Mark Ambor,Belong Together
spotify:track:48lxT5qJF0yYyf2z4wB4xW,"Jaxomy, Agatino Romero, Raffaella Carr√†",Pedro
spotify:track:3lMzT16MjAKKXF7pSZn13B,Lay Bankz,Tell Ur Girlfriend
spotify:track:2o1pb13quMReXZqE7jWsgq,Ariana Grande,intro (end of the world)
spotify:track:51eSHglvG1RJXtL3qI5trr,Benson Boone,Slow It Down
spotify:track:1ACA277B6f46DYCgZW8di3,Artemas,if u think i'm pretty
spotify:track:7EWtB4NKYY3NqBl31PVip9,"Peso Pluma, Tito Double P, Joel De La P",LA PEOPLE II
spotify:track:1njlnn8ZKHI77Pe9szIONR,BABYMONSTER,SHEESH
spotify:track:0WbMK4wrZ1wFSty9F7FCgu,Chappell Roan,"Good Luck, Babe!"
spotify:track:6tNgRQ0K2NYZ0Rb9l9DzL8,Olivia Rodrigo,obsessed
spotify:track:0hKtu53OlIFXVuYkZwcn3o,"Future, Metro Boomin, Travis Scott",Cinderella
spotify:track:61OsemtnuPJ5R0LMEkw60S,"Bizarrap, Natanael Cano",Entre las de 20
spotify:track:3SAga35lAPYdjj3qyfEsCF,d4vd,Feel It - From The Original Series ‚ÄúInvincible‚Äù
spotify:track:6YOfGIE6iFxC7G8OlGGvzW,Junior H,ROCKSTAR
spotify:track:1LY3GhF0zxIVgbYEQjCbUO,"Disturbed, CYRIL",The Sound of Silence - CYRIL Remix
spotify:track:0Lmbke3KNVFXtoH2mMSHCw,Ariana Grande,the boy is mine
spotify:track:0PBTlQ84CBJF0tBnKGmQa6,V,FRI(END)S
spotify:track:0h3Xy4V4apMraB5NuM8U7Z,CYRIL,Stumblin' In
spotify:track:3QJsSWa0Xo8MfaRn1gr4Be,Isabel LaRosa,favorite
spotify:track:331l3xABO0HMr1Kkyh2LZq,"David Guetta, OneRepublic",I Don't Wanna Wait
spotify:track:1xUddpWyEuYl5T3mduKnOJ,G-Eazy,Lady Killers II
spotify:track:4wS0TnQzVkY9ML1BPKpOk1,"Tiago PZK, Ke Personajes",Piel
spotify:track:0QoaFLmBJyuVuzOIGy6iCS,"The Academy: Segunda Misi√≥n, Sech, Justin Quiles, Lenny Tav√°rez, Dalex, D√≠melo Flow, Myke Towers",LA RANGER (feat. Myke Towers)
spotify:track:0WFryfbNKPXVtVQlz5dZ8H,Billie Eilish,hotline (edit)
spotify:track:3h76tbaYIamSeJL81X7ZwI,Benson Boone,Cry
spotify:track:5GV7OpSEb8MPTryL0Q5i6c,"DJ JZ, Humberto & Ronaldo, Mc Mininin, DJ LG PROD, Silvanno Salles",Mtg Quero Te Encontrar
spotify:track:2FQrifJ1N335Ljm3TjTVVf,Shaboozey,A Bar Song (Tipsy)
spotify:track:1C84d9abZVKWHT2YYpoean,"Luis R Conriquez, Neton Vega",Si No Quieres No
spotify:track:43PiEypaceH339CSNiggyj,"iZaak, JHAYCO, Anuel AA",BBY BOO - REMIX
spotify:track:19kHhX6f6EfLU7rcO3RqjO,Jungle,Back On 74
spotify:track:6zuPQl2RVqQ4y5nAH61CFC,"Beyonc√©, Miley Cyrus",II MOST WANTED
spotify:track:0jcw8cJf3TNMZN0BXlueML,"Bakar, Summer Walker",Hell N Back (feat. Summer Walker)
spotify:track:7s4emXHJwAuo5VvGBXmnBL,"Young Miko, Feid",offline
spotify:track:7yNf9YjeO5JXUE3JEBgnYc,Dominic Fike,Babydoll
spotify:track:2zYzyRzz6pRmhPzyfMEC8s,AC/DC,Highway to Hell
spotify:track:4L1iecYPJR1qc9tz5Zjkw9,"Gabito Ballesteros, Natanael Cano",El Boss
spotify:track:6XpEm7VJ7TZxZTawH8BCSW,"Tyla, Gunna, Skillibeng",Jump
spotify:track:3ZFTkvIE7kyPt6Nu3PEa7V,"Shakira, Wyclef Jean",Hips Don't Lie (feat. Wyclef Jean)
spotify:track:7MlDNspYwfqnHxORufupwq,Beach Weather,"Sex, Drugs, Etc."
spotify:track:3kXoKlD84c6OmIcOLfrfEs,"Earth, Wind & Fire",September
spotify:track:161DnLWsx1i3u1JT05lzqU,Bruno Mars,Talking to the Moon
spotify:track:6tNQ70jh4OwmPGpYy6R2o9,Benson Boone,Beautiful Things
spotify:track:3w0w2T288dec0mgeZZqoNN,"¬•$, Kanye West, Ty Dolla $ign",CARNIVAL
spotify:track:3qhlB30KknSejmIvZZLjOD,Djo,End of Beginning
spotify:track:3rUGC1vUpkDG9CZFHMur1t,Tate McRae,greedy
spotify:track:7AYmToZ5y67fBjq4RLFbuq,Beyonc√©,TEXAS HOLD 'EM
spotify:track:17phhZDn6oGtzMe56NuWvj,Teddy Swims,Lose Control
spotify:track:1VNWdmXSbaNrnWod10WIL0,"The Weeknd, JENNIE, Lily-Rose Depp","One Of The Girls (with JENNIE, Lily Rose Depp)"
spotify:track:3vkCueOmm7xQDoJ17W1Pm3,Mitski,My Love Mine All Mine
spotify:track:0R6NfOiLzLj4O5VbYSJAjf,Xavi,La Diabla
spotify:track:0mflMxspEfB0VbI1kyLiAv,Noah Kahan,Stick Season
spotify:track:52eIcoLUM25zbQupAZYoFh,21 Savage,redrum
spotify:track:6XjDF6nds4DE2BBbagZol6,"FloyyMenor, Cris Mj",Gata Only
spotify:track:7bywjHOc0wSjGGbj04XbVi,"Feid, ATL Jacob",LUNA
spotify:track:4xhsWYTOGcal8zt0J161CU,Jack Harlow,Lovin On Me
spotify:track:3h5TiWTqGxjSjFrbruPFH9,YG Marley,Praise Jah In The Moonlight
spotify:track:3U5JVgI2x4rDyHGObzJfNf,Natasha Bedingfield,Unwritten
spotify:track:1bjeWoagtHmUKputLVyDxQ,SZA,Saturn
spotify:track:42VsgItocQwOQC3XWZ8JNA,"Travis Scott, Playboi Carti",FE!N (feat. Playboi Carti)
spotify:track:5XVdHRf4CAJ2Jm0uMIy5qY,Xavi,La V√≠ctima
spotify:track:4OMJGnvZfDvsePyCwRGO7X,Dua Lipa,Houdini
spotify:track:6Qb7YsAqH4wWFUMbGsCpap,Dua Lipa,Training Season
spotify:track:7iQXYTyuG13aoeHxGG28Nh,"Bad Bunny, Feid",PERRO NEGRO
spotify:track:7GUhiAHLoVy1V8ucQuZ3CB,"The Weeknd, Playboi Carti, Madonna",Popular (with Playboi Carti & Madonna)
spotify:track:7iUtQNMRB8ZkKC4AmEuCJC,Myke Towers,LA FALDA
spotify:track:5aIVCx5tnk0ntmdiinnYvw,Tyla,Water
spotify:track:2HRgqmZQC0MC7GeNuDIXHN,"Jung Kook, Latto",Seven (feat. Latto) (Explicit Ver.)
spotify:track:7gaA3wERFkFkgivjwbSvkG,Ariana Grande,"yes, and?"
spotify:track:5RqSsdzTNPX1uzkmlHCFvK,"KAROL G, Peso Pluma",QLONA
spotify:track:5mjYQaktjmjcMKcUIcqz4s,Kenya Grace,Strangers
spotify:track:4KULAymBBJcPRpk1yO4dOG,"Zach Bryan, Kacey Musgraves",I Remember Everything (feat. Kacey Musgraves)
spotify:track:56y1jOTK0XSvJzVv9vHQBK,Doja Cat,Paint The Town Red
spotify:track:57wp7VFnV8X0pSVnYArGeJ,Bryson Tiller,Whatever She Wants
spotify:track:6uTPdRrEDeH8Fyg5L5qmeU,Flo Milli,Never Lose Me
spotify:track:69phA1R4gmQsBFRQ3INW8C,Rich Amiri,ONE CALL
spotify:track:4UkUxO2WlKLc0Q1iEutGGh,"KAROL G, Ti√´sto",CONTIGO (with Ti√´sto)
spotify:track:2KslE17cAJNHTsI2MI0jb2,Jung Kook,Standing Next to You
spotify:track:6wf7Yu7cxBSPrRlWeSeK0Q,Billie Eilish,"What Was I Made For? [From The Motion Picture ""Barbie""]"
spotify:track:05WVKTdZhlIMX4qqMLuo0f,"Peso Pluma, Anitta",BELLAKEO
spotify:track:6XaJfhwof7qIgbbXO5tIQI,"Kali Uchis, Peso Pluma",Igual Que Un √Ångel (with Peso Pluma)
spotify:track:4bw8mcDUSRWfQo63ZTYRnU,"Maluma, Carin Leon",Seg√∫n Qui√©n
spotify:track:2Zo1PcszsT9WQ0ANntJbID,Sabrina Carpenter,Feather
spotify:track:04CyMEHliadfQWMUJb1w99,"¬•$, Kanye West, Ty Dolla $ign",BURN
spotify:track:4tKGFmENO69tZR9ahgZu48,Sophie Ellis-Bextor,Murder On The Dancefloor
spotify:track:6uIIdjYTxxpWOyWuVXrKQO,"Calle 24, Chino Pacas, Fuerza Regida",Que Onda
spotify:track:5PyDJG7SQRgWXefgexqIge,Doja Cat,Agora Hills
spotify:track:3QQAeMQbbjZXVFbF8DgFWT,"Oscar Ortiz, Edgardo Nu√±ez",FIRST LOVE
spotify:track:6CvTEtGagmzQvkUzzyKR9k,"Fuerza Regida, Marshmello",HARLEY QUINN
spotify:track:0TUW9faHNaBmi89wsYGp9y,"Trueno, Nicki Nicole, Bizarrap, Taiu, TATOOL",Mamichula - con Nicki Nicole
spotify:track:59NraMJsLaMCVtwXTSia8i,"cass√∂, RAYE, D-Block Europe",Prada
spotify:track:1yeB8MUNeLo9Ek1UEpsyz6,"Drake, Sexyy Red, SZA",Rich Baby Daddy (feat. Sexyy Red & SZA)
spotify:track:2O4Bb2WCkjlTPO827OnBMI,LE SSERAFIM,EASY
spotify:track:6dpLxbF7lfCAnC9QRTjNLK,Good Neighbours,Home
spotify:track:0kdqcbwei4MDWFEX5f33yG,Creepy Nuts,Bling-Bang-Bang-Born
spotify:track:4kjI1gwQZRKNDkw1nI475M,Travis Scott,MY EYES
spotify:track:6wsqVwoiVH2kde4k4KKAFU,Travis Scott,I KNOW ?
spotify:track:5NAOhPAZ57eFAXr3qatS6i,Yeat,Breathe
spotify:track:3Pbp7cUCx4d3OAkZSCoNvn,Michael Marcagi,Scared To Start
spotify:track:6me7F0aaZjwDo6RJ5MrfBD,Richy Mitch & The Coal Miners,Evergreen
spotify:track:1udwFobQ1JoOdWPQrp2b6u,"JID, 21 Savage, Baby Tate",Surround Sound (feat. 21 Savage & Baby Tate)
spotify:track:4E63weMCaNZuGPEFMnuEi8,Tate McRae,exes
spotify:track:6VciS3dRMpZhJiDxT8ArFi,"Bizarrap, Young Miko","Young Miko: Bzrp Music Sessions, Vol. 58"
spotify:track:1kqH58eGh2ZTOHwqBIB2tM,"Mesita, Nicki Nicole, Tiago PZK, Emilia",Una Foto Remix (feat. Emilia)
spotify:track:4EWCNWgDS8707fNSZ1oaA5,Kanye West,Heartless
spotify:track:1Iq8oo9XkmmvCQiGOfORiz,Taylor Swift,Is It Over Now? (Taylor's Version) (From The Vault)
spotify:track:2WfaOiMkCvy7F5fcp2zZ8L,a-ha,Take on Me
spotify:track:51qYdMBxt9mFbtZBzq1Yfi,Juli√≥n √Ålvarez y su Norte√±o Banda,Regalo De Dios
spotify:track:0LMwmV37RCmBO2so0szAFs,"Kygo, Ava Max",Whatever
spotify:track:2HafqoJbgXdtjwCOvNEF14,i√±igo quintero,Si No Est√°s
spotify:track:4lR8sYGMGZPvthF2yUfo7T,LE SSERAFIM,Smart
spotify:track:0WIv5qV41y6YjjB9V1biuC,Muni Long,Made For Me
spotify:track:5uCax9HTNlzGybIStD3vDh,James Arthur,Say You Won't Let Go
spotify:track:4SqWKzw0CbA05TGszDgMlc,The Walters,I Love You So
spotify:track:2N0SPREDYqILVEFSsWF5N5,V,Love Me Again
spotify:track:6Qyc6fS4DsZjB2mRW9DsQs,The Goo Goo Dolls,Iris
spotify:track:3hxIUxnT27p5WcmjGUXNwx,Hotel Ugly,Shut up My Moms Calling
spotify:track:6gBFPUFcJLzWGx4lenP6h2,Travis Scott,goosebumps
spotify:track:6dBUzqjtbnIa1TwYbyw5CM,TV Girl,Lovers Rock
spotify:track:4f9wNNZET9wH7eMBgONd3d,"Pharrell Williams, Miley Cyrus",Doctor (Work It Out) [feat. Miley Cyrus]
spotify:track:6ED7qim1NAX1HjNU8039WS,"Eugenio Esquivel, Grupo Marca Registrada, Sebastian Esquivel, Los Esquivel",Alucin
spotify:track:3WMj8moIAXJhHsyLaqIIHI,Zach Bryan,Something in the Orange
spotify:track:0KKkJNfGyhkQ5aFogxQAPU,Bruno Mars,That's What I Like
spotify:track:60a0Rd6pjrkxjPbaKzXjfq,Linkin Park,In the End
spotify:track:4KW1lqgSr8TKrvBII0Brf8,Kanye West,Father Stretch My Hands Pt. 1
spotify:track:5tEaVciE2GnR28aN6W9cLS,"¬•$, Kanye West, Ty Dolla $ign",FUK SUMN
spotify:track:01qFKNWq73UfEslI0GvumE,"Jung Kook, Jack Harlow",3D (feat. Jack Harlow)
spotify:track:6RUKPb4LETWmmr3iAEQktW,"The Chainsmokers, Coldplay",Something Just Like This
spotify:track:6rjuKpPydT2SxN15TZpV7r,Lil Tecca,500lbs
spotify:track:4GvEuYAfJlICR2SpMDaBxQ,"Jere Klein, Gittobeatz",ANDO
spotify:track:2YSzYUF3jWqb9YP9VXmpjE,"Drake, Yeat",IDGAF (feat. Yeat)
spotify:track:7D0RhFcb3CrfPuTJ0obrod,Coldplay,Sparks
spotify:track:4loIMejzvt11s97SGVEat8,"Xavi, Los Dareyes De La Sierra",Poco A Poco
spotify:track:5rb9QrpfcKFHM1EUbSIurX,"USHER, Lil Jon, Ludacris",Yeah! (feat. Lil Jon & Ludacris)
spotify:track:6RcAHyC5sAUIbPTkhOQwd8,Junior H,Y LLORO
spotify:track:2nLtzopw4rPReszdYBJU6h,Linkin Park,Numb
spotify:track:3FqUPvubYeRCMsdJ02QyZR,Fuerza Regida,T√ö NAME
spotify:track:3B54sVLJ402zGa6Xm4YGNe,"French Montana, Swae Lee",Unforgettable
spotify:track:54zcJnb3tp9c5OVKREZ1Is,KAROL G,MI EX TEN√çA RAZ√ìN
spotify:track:0uHrMbMv3c78398pIANDqR,Joost,Europapa
spotify:track:0O3U5iwTbiXCREMkvotJuN,"Grupo Frontera, Grupo Firme",EL AMOR DE SU VIDA
spotify:track:4HMop4Re0iucehmF7mgV27,4batz,act ii: date @ 8
spotify:track:31nfdEooLEq7dn3UMcIeB5,BENNETT,Vois sur ton chemin - Techno Mix
spotify:track:70LcF31zb1H0PyJoS1Sx1r,Radiohead,Creep
spotify:track:4xqrdfXkTW4T0RauPLv3WA,Conan Gray,Heather
spotify:track:5TRPicyLGbAF2LGBFbHGvO,"Kanye West, Dwele",Flashing Lights
spotify:track:3GCdLUSnKSMJhs4Tj6CV3s,"Kendrick Lamar, SZA",All The Stars (with SZA)
spotify:track:7fBv7CLKzipRk6EC6TWHOB,The Weeknd,The Hills
spotify:track:3bK1zVFBKIzYjmptmI4NsJ,"Ofenbach, Norma Jean Martine",Overdrive (feat. Norma Jean Martine)
spotify:track:4MjDJD8cW7iVeWInc2Bdyj,Bad Bunny,MONACO
spotify:track:1sXr6moCwVxwKEgSPxhVvF,"Calle 24, Chino Pacas",Apaga El Cel
spotify:track:3dYD57lRAUcMHufyqn9GcI,Hozier,Take Me to Church
spotify:track:3EaJDYHA0KnX88JvDhL9oa,Steve Lacy,Dark Red
spotify:track:4gbVRS8gloEluzf0GzDOFc,Maroon 5,Maps
spotify:track:3azJifCSqg9fRij2yKIbWz,Tory Lanez,The Color Violet
spotify:track:09CnYHiZ5jGT1wr1TXJ9Zt,"Dimitri Vegas & Like Mike, Ti√´sto, Dido, W&W, Dimitri Vegas, Like Mike",Thank You (Not So Bad)
spotify:track:003vvx7Niy0yvhvHt4a68B,The Killers,Mr. Brightside
spotify:track:5bXgMzxuNymWhpwkgvYn4O,Lazza,100 MESSAGGI
spotify:track:0nrRP2bk19rLc0orkWPQk2,Avicii,Wake Me Up
spotify:track:1k1Bqnv2R0uJXQN4u6LKYt,Bill Withers,Ain't No Sunshine
spotify:track:5kHMfzgLZP95O9NBy0ku4v,Taylor Swift,I Can See You (Taylor‚Äôs Version) (From The Vault)
spotify:track:79uDOz0zuuWS7HWxzMmTa2,Taylor Swift,Back To December (Taylor's Version)
spotify:track:7G0gBu6nLdhFDPRLc0HdDG,Taylor Swift,Mine (Taylor's Version)
spotify:track:3sW3oSbzsfecv9XoUdGs7h,Taylor Swift,Enchanted (Taylor's Version)
spotify:track:6XbtvPmIpyCbjuT0e8cQtp,Quevedo,Columbia
spotify:track:3MytWN8L7shNYzGl4tAKRp,Taylor Swift,Sparks Fly (Taylor‚Äôs Version)
spotify:track:0NwGC0v03ysCYINtg6ns58,Taylor Swift,Better Than Revenge (Taylor's Version)
spotify:track:5sdQOyqq2IDhvmx2lHOpwd,NewJeans,Super Shy
spotify:track:5xXqyjLicvEpch72qEryFT,Taylor Swift,Speak Now (Taylor's Version)
spotify:track:1zU8j1x3yi9xalMF96pzKp,Taylor Swift,Dear John (Taylor's Version)
spotify:track:6dTA6y0C2ReQklntzZl8l3,Taylor Swift,The Story Of Us (Taylor's Version)
spotify:track:30Y4CV7A6YqtQtTTo7Ue4j,Taylor Swift,Mean (Taylor's Version)
spotify:track:4ABYxlb92WBIjHu7TIKmml,"Taylor Swift, Hayley Williams",Castles Crumbling (feat. Hayley Williams) (Taylor‚Äôs Version) (From The Vault)
spotify:track:4e3ZNTAV6PCrdYMUrUlMpQ,"Taylor Swift, Fall Out Boy",Electric Touch (feat. Fall Out Boy) (Taylor‚Äôs Version) (From The Vault)
spotify:track:0zo975x58DlXbZllWvfYhg,Taylor Swift,When Emma Falls in Love (Taylor‚Äôs Version) (From The Vault)
spotify:track:4s8BIKx4Zh6ryAEz8RTlaU,Taylor Swift,Foolish One (Taylor‚Äôs Version) (From The Vault)
spotify:track:4tMzIAFTFdqGBQLdfbPces,Taylor Swift,Haunted (Taylor's Version)
spotify:track:4hqJ4bSlYJOXb6Z4SRmzxs,Taylor Swift,Long Live (Taylor's Version)
spotify:track:1HCdems7PQZRj42QDWLA0A,Taylor Swift,Timeless (Taylor‚Äôs Version) (From The Vault)
spotify:track:59KOoHFcw5XfICnO57holu,Taylor Swift,Last Kiss (Taylor's Version)
spotify:track:2EFZ9emtKWEglWUQGEQ3P9,Taylor Swift,Never Grow Up (Taylor's Version)
spotify:track:12nBPF4Rh4XLFJV0YLN7uj,Taylor Swift,Innocent (Taylor's Version)
spotify:track:3yNJkriPzWjkkDAWHIAVUq,Taylor Swift,Ours (Taylor‚Äôs Version)
spotify:track:6rdkCkjk6D12xRpdMXy0I2,NewJeans,New Jeans
spotify:track:4evLyY5Ue1Wesc61t2KXAU,Taylor Swift,Superman (Taylor‚Äôs Version)
spotify:track:3KZCP2StVGdWkOKyRZNWA4,Plan B,Es un Secreto
spotify:track:6YvqWjhGD8mB5QXcbcUKtx,Taylor Swift,Love Story (Taylor‚Äôs Version)
spotify:track:1qrpoAMXodY6895hGKoUpA,Taylor Swift,You Belong With Me (Taylor‚Äôs Version)
spotify:track:3k79jB4aGmMDUQzEwa46Rz,Olivia Rodrigo,vampire
spotify:track:1BxfuPKGuaTgP7aM0Bbdwr,Taylor Swift,Cruel Summer
spotify:track:3qQbCzHBycnDpGskqOWY0E,"Eslabon Armado, Peso Pluma",Ella Baila Sola
spotify:track:7ro0hRteUMfnOioTFI5TG1,Bad Bunny,WHERE SHE GOES
spotify:track:4DHcnVTT87F0zZhRPYmZ3B,Miley Cyrus,Flowers
spotify:track:2UW7JaomAMuX9pZrjVpHAU,"Yng Lvcas, Peso Pluma",La Bebe - Remix
spotify:track:6pD0ufEQq0xdHSsRbg9LBK,"Grupo Frontera, Bad Bunny",un x100to
spotify:track:1odExI7RdWc4BT515LTAwj,David Kushner,Daylight
spotify:track:4Dvkj6JhhA12EX05fT7y2e,Harry Styles,As It Was
spotify:track:1Qrg8KqiBpW07V7PNxwwwL,SZA,Kill Bill
spotify:track:7FbrGaHYVDmfr7KoLIZnQ7,FIFTY FIFTY,Cupid (Twin Ver.) - Live Studio Version OT4
spotify:track:4eMKD8MRroxCqugpsxCCNb,"Tainy, Bad Bunny",MOJABI GHOST
spotify:track:7mXuWTczZNxG5EDcjFEuJR,"Peso Pluma, Gabito Ballesteros, Junior H",LADY GAGA
spotify:track:2FDTHlrBguDzQkp7PVj16Q,"Dave, Central Cee",Sprinter
spotify:track:7ABLbnD53cQK00mhcaOUVG,Myke Towers,LALA
spotify:track:6XSqqQIy7Lm7SnwxS4NrGx,"Feid, Young Miko",CLASSY 101
spotify:track:1UMm1Qs3u59Wvk53zBUE8r,Fuerza Regida,SABOR FRESA
spotify:track:5AqiaZwhmC6dIbgWrD5SzV,"Bizarrap, Peso Pluma","Peso Pluma: Bzrp Music Sessions, Vol. 55"
spotify:track:3Ua0m0YmEjrMi9XErKcNiR,Jimin,Like Crazy
spotify:track:5XeFesFbtLpXzIVDNQP22n,Arctic Monkeys,I Wanna Be Yours
spotify:track:1s7oOCT8vauUh01PbJD6ps,"Rema, Selena Gomez",Calm Down (with Selena Gomez)
spotify:track:368eeEO3Y2uZUQ6S5oIjcu,Fuerza Regida,TQM
spotify:track:4rXLjWdF2ZZpXCVTfWcshS,Gunna,fukumean
spotify:track:0DWdj2oZMBFSzRsi2Cvfzf,"KAROL G, Shakira",TQG
spotify:track:0RiRZpuVRbi7oqRdSMwhQY,"Post Malone, Swae Lee",Sunflower - Spider-Man: Into the Spider-Verse
spotify:track:2NFadq6pUeiVEihLvUlOSr,"Bizarrap, Rauw Alejandro","Rauw Alejandro: Bzrp Music Sessions, Vol. 56"
spotify:track:1daDRI9ahBonbWD8YcxOIB,Miley Cyrus,Angels Like You
spotify:track:7K3BhSpAxZBznislvUMVtn,Morgan Wallen,Last Night
spotify:track:2dHHgzDwk4BJdRwy9uXhTO,"Metro Boomin, The Weeknd, 21 Savage",Creepin' (with The Weeknd & 21 Savage)
spotify:track:7bPp2NmpmyhLJ7zWazAXMu,"Peso Pluma, Grupo Frontera",TULUM
spotify:track:0V3wPSX9ygBnCm8psDIegu,Taylor Swift,Anti-Hero
spotify:track:1haJsMtoBhHfvuM7XWuT3W,"Junior H, Peso Pluma",El Azul
spotify:track:1Hs1uUl8o2VtDp1DABFq0O,"LIT killah, Tiago PZK, Maria Becerra, Duki, Emilia, Rusherking, Big One, FMK",Los del Espacio
spotify:track:1u8c2t2Cy7UBoG4ArRcF5g,Taylor Swift,Blank Space
spotify:track:7KA4W4McWYRpgf0fWsJZWB,"Tyler, The Creator, Kali Uchis",See You Again (feat. Kali Uchis)
spotify:track:4uUG5RXrOk84mYEfFvj3cK,"David Guetta, Bebe Rexha",I'm Good (Blue)
spotify:track:6WzRpISELf3YglGAh7TXcG,"The Weeknd, Playboi Carti, Madonna",Popular (with Playboi Carti & Madonna) - From The Idol Vol. 1 (Music from the HBO Original Series)
spotify:track:4fYte8ZvTK14NEhAOZocBi,OneRepublic,I Ain't Worried
spotify:track:0ug5NqcwcFR2xrfTkc7k8e,Taylor Swift,Style
spotify:track:2LBqCSwhJGcFQeTHMVGwy3,The Weeknd,Die For You
spotify:track:4W4fNrZYkobj539TOWsLO2,"The Weeknd, Ariana Grande",Die For You (with Ariana Grande) - Remix
spotify:track:4daEMLSZCgZ2Mt7gNm2SRa,Lil Uzi Vert,Flooded The Face
spotify:track:4JdSXF2p71cr8uCY3UiJM0,"Yahritza Y Su Esencia, Grupo Frontera",Fr√°gil
spotify:track:3RA55zrRkyPK8Fd86hrMy8,"Peso Pluma, Junior H",LUNA
spotify:track:7MXVkk9YMctZqd1Srtv4MB,"The Weeknd, Daft Punk",Starboy
spotify:track:7jtQIBanIiJOMS6RyCx6jZ,Tom Odell,Another Love
spotify:track:0fABszUFNbNq9IW503Gj8v,"DENNIS, MC Kevin o Chris",T√° OK
spotify:track:3BKD1PwArikchz2Zrlp1qi,"David Guetta, Anne-Marie, Coi Leray",Baby Don't Hurt Me
spotify:track:609E1JCInJncactoMmkDon,"ROSAL√çA, Rauw Alejandro",BESO
spotify:track:4PA1wK0leCjmRZlP5dQ8Lv,"Sky Rompiendo, Feid, Myke Towers",El Cielo
spotify:track:2SOvWt6igzXViIjIiWNWEP,"Rauw Alejandro, Bizarrap",BABY HELLO
spotify:track:3tt9i3Hhzq84dPS8H7iSiJ,Manuel Turizo,La Bachata
spotify:track:741UUVE2kuITl0c6zuqqbO,"Nicki Minaj, Ice Spice, Aqua",Barbie World (with Aqua) [From Barbie The Album]
spotify:track:5rurggqwwudn9clMdcchxT,"Metro Boomin, Swae Lee, NAV, A Boogie Wit da Hoodie","Calling (Spider-Man: Across the Spider-Verse) (Metro Boomin & Swae Lee, NAV, feat. A Boogie Wit da Hoodie)"
spotify:track:3sqrvkNC6IPTIXvvbx9Arw,Taylor Swift,Enchanted
spotify:track:4R2kfaDFhslZEMJqAFNpdd,Taylor Swift,cardigan
spotify:track:26b3oVLrRUaaybJulow9kz,Libianca,People
spotify:track:1vYXt7VSjH9JIM5oRRo7vA,Dua Lipa,Dance The Night - From Barbie The Album
spotify:track:6AQbmUe0Qwf5PZnt4HmTXv,"PinkPantheress, Ice Spice",Boy's a liar Pt. 2
spotify:track:5IAESfJjmOYu7cHyX557kz,BTS,Take Two
spotify:track:0JmnkIqdlnUzPaf8sqBRs3,Kali Uchis,Moonlight
spotify:track:0VjIjW4GlUZAMYd2vXMi3b,The Weeknd,Blinding Lights
spotify:track:5JdLUE9D743ob2RtgmVpVx,Jain,Makeba
spotify:track:3AJwUDP919kvQ9QcozQPxg,Coldplay,Yellow
spotify:track:1Y3LN4zO1Edc2EluIoSPJN,"Stephen Sanchez, Em Beihold",Until I Found You (with Em Beihold) - Em Beihold Version
spotify:track:5odlY52u43F5BjByhxg7wg,JVKE,golden hour
spotify:track:7KokYm8cMIXCsGVmUvKtqf,Taylor Swift,Karma
spotify:track:0dS2u2UFd88TIzDDaZDLvS,d4vd,Here With Me
spotify:track:2tTmW7RDtMQtBk7m2rYeSw,"Bizarrap, Quevedo","Quevedo: Bzrp Music Sessions, Vol. 52"
spotify:track:3USxtqRwSYz57Ewm6wWRMp,Glass Animals,Heat Waves
spotify:track:1mea3bSkSGXuIRvnydlB5b,Coldplay,Viva La Vida
spotify:track:7qEHsqek33rTcFNT9PFqLf,Lewis Capaldi,Someone You Loved
spotify:track:4FAKtPVycI4DxoOHC01YqD,"Yandel, Feid",Yandel 150
spotify:track:1zsPaEkglFvxjAhrM8yhpr,"Ozuna, Feid",Hey Mor
spotify:track:505v13epFXodT9fVAJ6h8k,KAROL G,AMARGURA
spotify:track:2iVgM5C7m1G4CJGbms301G,"Shakira, Manuel Turizo",Copa Vac√≠a
spotify:track:6T7FXSuXykeGktMLGp8WgE,"Lil Durk, J. Cole",All My Life (feat. J. Cole)
spotify:track:2QjOHCTQ1Jl3zawyYOpxh6,The Neighbourhood,Sweater Weather
spotify:track:1oWkcc7hQdVYPQMyQ6AFov,Natanael Cano,Mi Bello Angel
spotify:track:6Ec5LeRzkisa5KJtwLfOoW,"Metro Boomin, A$AP Rocky, Roisee","Am I Dreaming (Metro Boomin & A$AP Rocky, Roisee)"
spotify:track:0NZPBYD5qbEWRs3PrGiRkT,"Sam Smith, Kim Petras",Unholy (feat. Kim Petras)
spotify:track:6Sq7ltF9Qa7SNFBsV5Cogx,"Bad Bunny, Chencho Corleone",Me Porto Bonito
spotify:track:7yq4Qj7cqayVTp3FF9CWbm,Vance Joy,Riptide
spotify:track:23RoR84KodL5HWvUTneQ1w,Peggy Gou,(It Goes Like) Nanana - Edit
spotify:track:1DmW5Ep6ywYwxc2HMT5BG6,Loreen,Tattoo
spotify:track:6GGtHZgBycCgGBUhZo81xe,Lana Del Rey,Say Yes To Heaven
spotify:track:1Lo0QY9cvc8sUB2vnIOxDT,Luke Combs,Fast Car
spotify:track:5Odq8ohlgIbQKMZivbWkEo,"Charlie Puth, Jung Kook, BTS",Left and Right (Feat. Jung Kook of BTS)
spotify:track:567e29TDzLwZwfDuEpGTwo,"The Kid LAROI, Justin Bieber",STAY (with Justin Bieber)
spotify:track:3oNnzH6hmqIGIhJ1NcHlrh,Maria Becerra,CORAZ√ìN VAC√çO
spotify:track:0cNSq9T5l8gZnpY14rsTR2,"Peso Pluma, Natanael Cano",PRC
spotify:track:41bmnQZoDMQdDh5zyomtW7,"Lil Uzi Vert, Nicki Minaj",Endless Fashion (feat. Nicki Minaj)
spotify:track:0PB0O24JqAuNdOAFVJljMS,"Eladio Carrion, Bad Bunny",Coco Chanel
spotify:track:3kf0WdFOalKWBkCCLJo4mA,Chino Pacas,El Gordo Trae El Mando
spotify:track:1VvoSJiPG9dFsDQjTkACvG,"Natanael Cano, Peso Pluma, Gabito Ballesteros",AMG
spotify:track:2Hc1LaV6bzFil3dE71eORA,"Lil Uzi Vert, Travis Scott",Aye (feat. Travis Scott)
spotify:track:4nrPB8O7Y7wsOCJdgXkthe,"Bizarrap, Shakira","Shakira: Bzrp Music Sessions, Vol. 53"
spotify:track:2Hh3ETdQKrmSI3QS0hme7g,"Metro Boomin, Future, Don Toliver",Too Many Nights (feat. Don Toliver & with Future)
spotify:track:1R0a2iXumgCiFb7HEZ7gUE,Taylor Swift,Don‚Äôt Blame Me
spotify:track:1FEiijYPJtyswChfcpv3p0,Lana Del Rey,Summertime Sadness
spotify:track:561jH07mF1jHuk7KlaeF0s,Eminem,Mockingbird
spotify:track:4iZ4pt7kvcaH6Yo8UoZ4s2,SZA,Snooze
spotify:track:6f8wbdo8KU5ETWJA7lapgS,Peso Pluma,BYE
spotify:track:7j4OmvkjRz0PrjFADlHfQx,Adele,Set Fire to the Rain
spotify:track:2eAvDnpXP5W0cVtiI0PUxV,Ruth B.,Dandelions
spotify:track:2HbKqm4o0w5wEeEFXm2sD4,"Kendrick Lamar, Jay Rock",Money Trees
spotify:track:51FvjPEGKq2zByeeEQ43V9,"Marshmello, Manuel Turizo",El Merengue
spotify:track:2VzCjpKvPB1l1tqLndtAQa,Peso Pluma,Por Las Noches
spotify:track:1dGr1c8CrMLDpV6mPbImSI,Taylor Swift,Lover
spotify:track:3fDTzkvrOo5xQIO480Qmsb,Lil Uzi Vert,Suicide Doors
spotify:track:5NhLA2P7AiV3cloVmwtwLS,"Tainy, Arc√°ngel, JHAYCO, Myke Towers, Omar Courtz, Arca",PASIEMPRE
spotify:track:26cvTWJq2E1QqN4jyH2OTU,Anggi Marito,Tak Segampang Itu
spotify:track:6JIC3hbC28JZKZ8AlAqX8h,"Elton John, Dua Lipa, PNAU",Cold Heart - PNAU Remix
spotify:track:6UelLqGlWMcVH1E5c4H7lY,Harry Styles,Watermelon Sugar
spotify:track:4Ls53fBNVfaXTROBi6X8Hw,Lil Uzi Vert,Just Wanna Rock
spotify:track:5w40ZYhbBMAlHYNDaVJIUu,Post Malone,Chemical
spotify:track:1MB8kTH7VKvAMfL9SHgJmG,"Sebastian Yatra, Manuel Turizo, Be√©le",VAGABUNDO
spotify:track:73RbfOTJIjHzi2pcVHjeHM,Doechii,What It Is (Solo Version)
spotify:track:5eTaQYBE1yrActixMAeLcZ,"Calvin Harris, Ellie Goulding",Miracle (with Ellie Goulding)
spotify:track:68Dni7IE4VyPkTOH9mRWHr,J. Cole,No Role Modelz
spotify:track:54ipXppHLA8U4yqpOFTUhr,Imagine Dragons,Bones
spotify:track:2CeKVsFFXG4QzA415QygGb,Feid,Feliz Cumplea√±os Ferxxo
spotify:track:0u2P5u6lvoDfwTYjAADbn4,"Billie Eilish, Khalid",lovely (with Khalid)
spotify:track:46hzNOUOAlivuCZZ0wE3zi,"Sachin-Jigar, Varun Jain, Shadab Faridi, Altamash Faridi, Amitabh Bhattacharya","Tere Vaaste (From ""Zara Hatke Zara Bachke"")"
spotify:track:0tgVpDi06FyKpA1z0VMD4v,Ed Sheeran,Perfect
spotify:track:5PLqXnvHH7Gh6CcfiUEr7e,Natanael Cano,Mas Altas Que Bajadas
spotify:track:4uqJelb9THHmJ3OCohg4ZJ,"AgroPlay, Ana Castela",Nosso Quadro
spotify:track:4RvWPyQ5RL0ao9LPZeSouE,Tears For Fears,Everybody Wants To Rule The World
spotify:track:6Um358vY92UBv5DloTRX9L,"Carin Leon, Grupo Frontera",Que Vuelvas
spotify:track:2a1o6ZejUi8U3wzzOtCOYw,"Lucenzo, Big Ali",Vem Dancar Kuduro
spotify:track:2uhw2oYbugGJbn10wipNX5,"Mc Livinho, DJ Matt D",Novidade na √Årea
spotify:track:50x1Ic8CaXkYNvjmxe3WXy,New West,Those Eyes
spotify:track:5wG3HvLhF6Y5KTGlK0IW3J,"Metro Boomin, Travis Scott, Young Thug",Trance (with Travis Scott & Young Thug)
spotify:track:3hUxzQpSfdDqwM3ZTFQY0K,Taylor Swift,august
spotify:track:58ge6dfP91o9oXMzq3XkIS,Arctic Monkeys,505
spotify:track:22skzmqfdWrjJylampe0kt,"Macklemore, Ryan Lewis, Macklemore & Ryan Lewis, Ray Dalton",Can't Hold Us (feat. Ray Dalton)
spotify:track:5g7sDjBhZ4I3gcFIpkrLuI,Bruno Mars,Locked out of Heaven
spotify:track:5O2P9iiztwhomNh8xkR9lJ,One Direction,Night Changes
spotify:track:1xK59OXxi2TAAAbmZK0kBL,d4vd,Romantic Homicide
spotify:track:0pqnGHJpmpxLKifKRmU6WP,Imagine Dragons,Believer
spotify:track:0PZ04XgQ14FmKZBg3Gxlhr,Lana Del Rey,Radio
spotify:track:0ll8uFnc0nANY35E0Lfxvg,Keane,Somewhere Only We Know
spotify:track:7MVIfkyzuUmQ716j8U7yGR,"Milo j, Taiu",Rara Vez
spotify:track:7lQ8MOhq6IN2w8EYcFNSUk,Eminem,Without Me
spotify:track:4uOBL4DDWWVx4RhYKlPbPC,(G)I-DLE,Queencard
spotify:track:6dgUya35uo964z7GZXM07g,Sabrina Carpenter,Nonsense
spotify:track:39MK3d3fonIP8Mz9oHCTBB,"Metro Boomin, Swae Lee, Lil Wayne, Offset","Annihilate (Spider-Man: Across the Spider-Verse) (Metro Boomin & Swae Lee, Lil Wayne, Offset)"
spotify:track:228BxWXUYQPJrJYHDLOHkj,Daddy Yankee,Gasolina
spotify:track:7sliFe6W30tPBPh6dvZsIH,Kaliii,Area Codes
spotify:track:0U9CZWq6umZsN432nh3WWT,"Mc Pedrinho, DJ 900","Gol Bolinha, Gol Quadrado 2"
spotify:track:0B7wvvmu9EISAwZnOpjhNI,Bruno Mars,When I Was Your Man
spotify:track:3k3NWokhRRkEPhCzPmV8TW,"Bad Bunny, Bomba Est√©reo",Ojitos Lindos
spotify:track:0cqRj7pUJDkTCEsJkx8snD,Taylor Swift,Shake It Off
spotify:track:25OeKzcqakFPaJlXHPE5lm,Carin Leon,Primera Cita
spotify:track:65FftemJ1DbbZ45DUfHJXE,NewJeans,OMG
spotify:track:0eFMbKCRw8KByXyWBw8WO7,Jung Kook,Still With You
spotify:track:6TBzRwnX2oYd8aOrOuyK1p,"Oscar Maydon, Junior H",Fin de Semana
spotify:track:7ovUcF5uHTBRzUpB6ZOmvt,YOASOBI,„Ç¢„Ç§„Éâ„É´
spotify:track:6zJejIfVYLgjud3lTk4DLB,Rosa Linn,SNAP
spotify:track:6I3mqTwhRpn34SLVafSH7G,Justin Bieber,Ghost
spotify:track:5IgjP7X4th6nMNDh4akUHb,Chris Brown,Under The Influence
spotify:track:2tpWsVSb9UEmDRxAl1zhX1,OneRepublic,Counting Stars
spotify:track:3tiJUOfAEqIrLFRQgGgdoY,"Big One, FMK, Ke Personajes",Un Finde | CROSSOVER #2
spotify:track:28BSTgZH1ckI8Xfy8LXaRz,"Yandel, Feid, Daddy Yankee",Yankee 150
spotify:track:3p7XQpdt8Dr6oMXSvRZ9bg,Ed Sheeran,Eyes Closed
spotify:track:1zv3WFUbZ5vPxFq9I2jAU1,"Rihanna, Calvin Harris",We Found Love
spotify:track:4hKLzFvNwHF6dPosGT30ed,"Veigh, Bvga Beatz, Prod Malax, Supernova Ent",Novo Balan√ßo
spotify:track:0JXXNGljqupsJaZsgSbMZV,Miguel,Sure Thing
spotify:track:1JSTJqkT5qHq8MDJnJbRE1,The Police,Every Breath You Take
spotify:track:0EhuGnOS6fTc5l5UNtDEH2,"SAIKO, Quevedo, Feid, Mora",POLARIS - Remix
spotify:track:5FVd6KXrgO9B3JPmC8OPst,Arctic Monkeys,Do I Wanna Know?
spotify:track:5gDWsRxpJ2lZAffh5p7K0w,"The Weeknd, Lana Del Rey",Stargirl Interlude
spotify:track:086myS9r57YsLbJpU0TgK9,Arctic Monkeys,Why'd You Only Call Me When You're High?
spotify:track:3HOKxuTDmNVmIlCIpBiD8m,"Peso Pluma, Jasiel Nu√±ez",LAGUNAS
spotify:track:37F0uwRSrdzkBiuj0D5UHI,The Weeknd,Reminder
spotify:track:3AVrVz5rK8Hrqo9YGiVGN5,Cigarettes After Sex,Apocalypse
spotify:track:7qiZfU4dY1lWllzX7mPBI3,Ed Sheeran,Shape of You
spotify:track:2LawezPeJhN4AWuSB0GtAU,Creedence Clearwater Revival,Have You Ever Seen The Rain
spotify:track:3E7dfMvvCLUddWissuqMwr,Miley Cyrus,Party In The U.S.A.
spotify:track:6YC5ibtCMyXU1RQ1LkQLIn,"S3BZS, Mc Gw, Mc Menor Do Alvorada",MONTAGEM - PR FUNK
spotify:track:3hRV0jL3vUpRrcy398teAU,Lord Huron,The Night We Met
spotify:track:5QW9K4A1gMnIi94YUxtsfM,"Sachin-Jigar, Arijit Singh, Amitabha Bhattacharya","Phir Aur Kya Chahiye (From ""Zara Hatke Zara Bachke"")"
spotify:track:0IKeDy5bT9G0bA7ZixRT4A,"Fuerza Regida, Grupo Frontera",Bebe Dame
spotify:track:2qxmye6gAegTMjLKEBoR3d,Alec Benjamin,Let Me Down Slowly
spotify:track:1IHWl5LamUGEuP4ozKQSXZ,Bad Bunny,Tit√≠ Me Pregunt√≥
spotify:track:0otRX6Z89qKkHkQ9OqJpKt,James Arthur,Car's Outside
spotify:track:5CZ40GBx1sQ9agT82CLQCT,Olivia Rodrigo,traitor
spotify:track:5QO79kh1waicV47BqGRL3g,The Weeknd,Save Your Tears
spotify:track:0hDE81j4N2DPLbEY4tiCDs,"Tainy, Daddy Yankee, Feid, Sech",LA BABY
spotify:track:1u9oZzM8CTeCMXsdTXaOtY,Emir Can ƒ∞ƒürek,Ali Cabbar
spotify:track:7BqBn9nzAq8spo5e7cZ0dJ,Bruno Mars,Just the Way You Are
spotify:track:3F5CgOj3wFlRv51JsHbxhe,"Drake, 21 Savage",Jimmy Cooks (feat. 21 Savage)
spotify:track:1zi7xx7UVEFkmKfv06H8x0,"Drake, Wizkid, Kyla",One Dance
spotify:track:3PH1nUysW7ybo3Yu8sqlPN,"Israel & Rodolffo, Mari Fernandez",Seu Brilho Sumiu - Ao Vivo
spotify:track:1vvcEHQdaUTvWt0EIUYcFK,"Kodak Black, NLE Choppa, Jimin, JVKE, Muni Long, Fast & Furious: The Fast Saga","Angel Pt. 1 (feat. Jimin of BTS, JVKE & Muni Long)"
spotify:track:5qaEfEh1AtSdrdrByCP7qR,Imagine Dragons,Demons
spotify:track:11xC6P3iKYpFThT6Ce1KdG,Doja Cat,Attention
spotify:track:3xKsf9qdS1CyvXSMEid6g8,Frank Ocean,Pink + White
spotify:track:6HU7h9RYOaPRFeh0R3UeAr,Olivia Rodrigo,deja vu
spotify:track:0CYTGMBYkwUxrj1MWDLrC5,Feid,CHORRITO PA LAS ANIMAS
